/*
Navicat MySQL Data Transfer

Source Server         : 192.168.105.135
Source Server Version : 50633
Source Host           : 192.168.105.135:3306
Source Database       : admin

Target Server Type    : MYSQL
Target Server Version : 50633
File Encoding         : 65001

Date: 2018-01-09 10:38:36
*/

SET FOREIGN_KEY_CHECKS=0;

-- ----------------------------
-- Table structure for element
-- ----------------------------
DROP TABLE IF EXISTS `element`;
CREATE TABLE `element` (
  `id` int(11) NOT NULL AUTO_INCREMENT,
  `name` varchar(255) NOT NULL,
  `keyword` varchar(255) NOT NULL,
  `remark` varchar(255) DEFAULT NULL,
  `create_at` timestamp NULL DEFAULT CURRENT_TIMESTAMP ON UPDATE CURRENT_TIMESTAMP,
  `update_at` timestamp NULL DEFAULT CURRENT_TIMESTAMP ON UPDATE CURRENT_TIMESTAMP,
  `status` varchar(2) DEFAULT '1',
  PRIMARY KEY (`id`),
  UNIQUE KEY `name` (`name`) USING BTREE,
  UNIQUE KEY `keyword` (`keyword`) USING BTREE
) ENGINE=InnoDB AUTO_INCREMENT=176 DEFAULT CHARSET=utf8;

-- ----------------------------
-- Records of element
-- ----------------------------
INSERT INTO `element` VALUES ('21', '写操作', 'product_write_power', '增删改操作统一为写操作', '2018-01-05 16:23:14', '2018-01-05 16:23:14', '1');
INSERT INTO `element` VALUES ('22', '移动', 'move', '品类移动操作', '2017-09-14 18:08:15', '2017-09-14 18:08:15', '1');
INSERT INTO `element` VALUES ('23', '属性写操作', 'attr_write', '针对属性的增删改单独定义一个唯一的操作权限，提供给其他菜单下需要操作属性的使用', '2017-09-14 18:11:01', '2017-09-14 18:11:01', '1');
INSERT INTO `element` VALUES ('24', '排重通过', 'product_new_checkOk', '新品排重', '2017-12-12 16:28:32', '2017-12-12 16:28:32', '1');
INSERT INTO `element` VALUES ('25', '回到草稿', 'product_new_backToDraft', '新品排重', '2017-12-12 16:28:35', '2017-12-12 16:28:35', '1');
INSERT INTO `element` VALUES ('28', '回到待排重', 'product_new_backToWaitCheck', '新品排重', '2017-12-12 16:28:38', '2017-12-12 16:28:38', '1');
INSERT INTO `element` VALUES ('29', '申请审批', 'product_new_requestApprove', '', '2017-12-12 16:28:42', '2017-12-12 16:28:42', '1');
INSERT INTO `element` VALUES ('30', '提交', 'product_new_submit', '新品管理（广告）中的提交', '2017-12-12 16:28:49', '2017-12-12 16:28:49', '1');
INSERT INTO `element` VALUES ('31', '开始排重，细化分类', 'product_new_beginCheck', '新品排重,细化分类', '2017-12-12 16:28:57', '2017-12-12 16:28:57', '1');
INSERT INTO `element` VALUES ('44', 'SKU生成权限', 'product_sku_write', '产品详情生成sku权限', '2017-12-29 13:43:27', '2017-12-29 13:43:27', '1');
INSERT INTO `element` VALUES ('45', '放弃', 'give_up', '放弃操作按钮', '2017-12-06 15:56:55', '2017-12-06 15:56:55', '1');
INSERT INTO `element` VALUES ('46', '新增按钮', 'update', '新增按钮', '2017-10-26 09:23:19', '2017-10-26 09:23:19', '1');
INSERT INTO `element` VALUES ('47', '建档中撤回', 'revoke', '产品在建档中状态撤回', '2017-10-31 15:40:15', '2017-10-31 15:40:15', '1');
INSERT INTO `element` VALUES ('72', '订单-审单', 'order_auth', '有效，无效，待联系', '2017-12-13 10:27:13', '2017-12-13 10:27:13', '1');
INSERT INTO `element` VALUES ('73', '订单-编辑', 'order_edit', '订单编辑权限', '2017-12-13 10:28:12', '2017-12-13 10:28:12', '1');
INSERT INTO `element` VALUES ('74', '订单-取消', 'order_cancel', '订单取消权限', '2017-12-13 10:28:52', '2017-12-13 10:28:52', '1');
INSERT INTO `element` VALUES ('75', '订单-退换货申请', 'order_aftersale_apply', '订单退换货申请', '2017-12-13 10:30:54', '2017-12-13 10:30:54', '1');
INSERT INTO `element` VALUES ('76', '订单-补发', 'order_supplement', '订单补发权限', '2017-12-29 15:41:24', '2017-12-29 15:41:24', '1');
INSERT INTO `element` VALUES ('77', '订单-撤回', 'order_revoke', '订单撤回权限', '2017-12-13 10:32:39', '2017-12-13 10:32:39', '1');
INSERT INTO `element` VALUES ('78', '订单-重新指派物流', 'order_reassign', '重新指派物流权限', '2017-12-13 10:33:53', '2017-12-13 10:33:53', '1');
INSERT INTO `element` VALUES ('79', '问题件-导入', 'order_question_import', '问题件导入权限', '2017-12-14 11:16:08', '2017-12-14 11:16:08', '1');
INSERT INTO `element` VALUES ('80', '问题件-导出', 'order_question_export', '问题件导出权限', '2017-12-14 11:17:32', '2017-12-14 11:17:32', '1');
INSERT INTO `element` VALUES ('81', '问题件-处理', 'order_question_deal', '问题件处理权限', '2017-12-14 11:18:04', '2017-12-14 11:18:04', '1');
INSERT INTO `element` VALUES ('83', '电话邮箱', 'order_tel_email', '可查看电话号码的权限', '2017-12-29 15:37:03', '2017-12-29 15:37:03', '1');
INSERT INTO `element` VALUES ('85', '新增调拨', 'transfer_add', '新建跨仓调拨权限', '2017-12-18 11:49:22', '2017-12-18 11:49:22', '1');
INSERT INTO `element` VALUES ('86', '部门调拨审核', 'transfer_approve_dept', '部门间调拨审核权限（同仓调拨）', '2017-12-22 11:02:43', '2017-12-22 11:02:43', '1');
INSERT INTO `element` VALUES ('87', '取消调拨', 'transfer_del', '创建人是自己，才有取消调拨权限、删除', '2017-12-18 11:53:16', '2017-12-18 11:53:16', '1');
INSERT INTO `element` VALUES ('88', '跨仓调拨审核', 'transfer_approve_opera', '跨仓调拨审核权限，运营部门审核', '2017-12-22 11:01:43', '2017-12-22 11:01:43', '1');
INSERT INTO `element` VALUES ('90', '设置采购员', 'purchase_buyer_setting', '用于采购需求计算页面设置采购员和修改采购员', '2017-12-21 14:57:53', '2017-12-21 14:57:53', '1');
INSERT INTO `element` VALUES ('91', '订单-重新下单', 'order_re_order', '重新下单', '2017-12-21 15:30:04', '2017-12-21 15:30:04', '1');
INSERT INTO `element` VALUES ('92', '盘点-新增', 'takeStock_add', '创建盘点单', '2017-12-25 09:48:34', '2017-12-25 09:48:34', '1');
INSERT INTO `element` VALUES ('93', '盘点-初审', 'takeStock_firstAuditPass', '盘点-主管初审', '2017-12-25 09:48:25', '2017-12-25 09:48:25', '1');
INSERT INTO `element` VALUES ('94', '盘点-复审', 'takeStock_passFinance', '盘点-财务复审', '2017-12-25 09:49:34', '2017-12-25 09:49:34', '1');
INSERT INTO `element` VALUES ('95', '采购单-导出', 'purchase_import', '用于采购单的导出', '2017-12-26 14:36:53', '2017-12-26 14:36:53', '1');
INSERT INTO `element` VALUES ('96', '采购单-提交', 'purchase_write', '采购单的提交，编辑，删除，填运单号', '2017-12-26 14:37:56', '2017-12-26 14:37:56', '1');
INSERT INTO `element` VALUES ('97', '采购单-财务审核', 'purchase_finance_approve', '财务审核采购单，同意，不同意', '2017-12-26 14:39:40', '2017-12-26 14:39:40', '1');
INSERT INTO `element` VALUES ('98', '采购单-采购退货', 'purchase_returned_authority', '采购退货的权限', '2017-12-26 14:41:16', '2017-12-26 14:41:16', '1');
INSERT INTO `element` VALUES ('152', '转寄仓报废-提交', 'transit_invalid_edit', '转寄仓报废-提交  新增、编辑、删除', '2017-12-28 11:09:09', '2017-12-28 11:09:09', '1');
INSERT INTO `element` VALUES ('153', ' 转寄仓报废-审核', 'transit_invalid_approve', '转寄仓报废-审核  同意、不同意', '2017-12-28 11:09:20', '2017-12-28 11:09:20', '1');
INSERT INTO `element` VALUES ('154', '采购明细-业务审核', 'purchaseItem_approve', '采购明细，业务审核，同意，不同意', '2017-12-29 11:07:20', '2017-12-29 11:07:20', '1');
INSERT INTO `element` VALUES ('155', '订单-写操作', 'order_write', '', '2017-12-29 15:24:24', '2017-12-29 15:24:24', '1');
INSERT INTO `element` VALUES ('156', '订单-加入黑名单', 'order_add_blacklist', '', '2017-12-29 15:42:07', '2017-12-29 15:42:07', '1');
INSERT INTO `element` VALUES ('167', '标签全局', 'product_label_all', '', '2018-01-05 10:19:26', '2018-01-05 10:19:26', '1');
INSERT INTO `element` VALUES ('168', '材质标签', 'product_label_material', '', '2018-01-05 10:20:05', '2018-01-05 10:20:05', '1');
INSERT INTO `element` VALUES ('169', '产品特性标签', 'product_label_classify', '', '2018-01-05 10:20:31', '2018-01-05 10:20:31', '1');
INSERT INTO `element` VALUES ('170', '查看联系方式', 'product_partner_selectContact', '产品中心 合作伙伴查看联系方式', '2018-01-05 10:24:23', '2018-01-05 10:24:23', '1');
INSERT INTO `element` VALUES ('171', '查看财务账号', 'product_partner_selectFinance', '查看财务账号', '2018-01-05 10:25:36', '2018-01-05 10:25:36', '1');
INSERT INTO `element` VALUES ('172', '退款-修改', 'refund_write', '退款修改权限', '2018-01-05 10:49:12', '2018-01-05 10:49:12', '1');
INSERT INTO `element` VALUES ('173', '退款-审核', 'refund_approve', '退款审核权限', '2018-01-05 10:49:51', '2018-01-05 10:49:51', '1');
INSERT INTO `element` VALUES ('174', '退款-退款', 'refund_refund', '退款退款权限', '2018-01-05 10:50:43', '2018-01-05 10:50:43', '1');
INSERT INTO `element` VALUES ('175', '退款-导出', 'refund_export', '退款导出权限', '2018-01-05 10:51:43', '2018-01-05 10:51:43', '1');

-- ----------------------------
-- Table structure for job_menu
-- ----------------------------
DROP TABLE IF EXISTS `job_menu`;
CREATE TABLE `job_menu` (
  `id` int(11) NOT NULL AUTO_INCREMENT,
  `job_id` int(11) NOT NULL,
  `menu_id` int(11) NOT NULL,
  `element_id` int(11) DEFAULT NULL,
  PRIMARY KEY (`id`),
  UNIQUE KEY `index_1` (`job_id`,`menu_id`,`element_id`) USING BTREE
) ENGINE=InnoDB AUTO_INCREMENT=4093 DEFAULT CHARSET=utf8 COMMENT='职位对应的菜单权限';

-- ----------------------------
-- Records of job_menu
-- ----------------------------
INSERT INTO `job_menu` VALUES ('1039', '1', '1', null);
INSERT INTO `job_menu` VALUES ('973', '1', '2', null);
INSERT INTO `job_menu` VALUES ('970', '1', '3', null);
INSERT INTO `job_menu` VALUES ('965', '1', '4', null);
INSERT INTO `job_menu` VALUES ('1031', '1', '5', null);
INSERT INTO `job_menu` VALUES ('1013', '1', '6', null);
INSERT INTO `job_menu` VALUES ('385', '1', '7', null);
INSERT INTO `job_menu` VALUES ('386', '1', '8', null);
INSERT INTO `job_menu` VALUES ('1014', '1', '9', null);
INSERT INTO `job_menu` VALUES ('1015', '1', '10', null);
INSERT INTO `job_menu` VALUES ('1009', '1', '11', null);
INSERT INTO `job_menu` VALUES ('1012', '1', '12', null);
INSERT INTO `job_menu` VALUES ('1032', '1', '14', null);
INSERT INTO `job_menu` VALUES ('1017', '1', '15', null);
INSERT INTO `job_menu` VALUES ('1018', '1', '16', null);
INSERT INTO `job_menu` VALUES ('1019', '1', '17', null);
INSERT INTO `job_menu` VALUES ('268', '1', '18', null);
INSERT INTO `job_menu` VALUES ('903', '2', '2', null);
INSERT INTO `job_menu` VALUES ('904', '2', '3', null);
INSERT INTO `job_menu` VALUES ('905', '2', '4', null);
INSERT INTO `job_menu` VALUES ('906', '2', '5', null);
INSERT INTO `job_menu` VALUES ('1062', '2', '14', null);
INSERT INTO `job_menu` VALUES ('2640', '2', '137', null);
INSERT INTO `job_menu` VALUES ('2643', '2', '139', null);
INSERT INTO `job_menu` VALUES ('2644', '2', '140', null);
INSERT INTO `job_menu` VALUES ('2646', '2', '145', null);
INSERT INTO `job_menu` VALUES ('2231', '3', '2', null);
INSERT INTO `job_menu` VALUES ('1023', '3', '3', null);
INSERT INTO `job_menu` VALUES ('1024', '3', '4', null);
INSERT INTO `job_menu` VALUES ('992', '3', '5', null);
INSERT INTO `job_menu` VALUES ('994', '3', '7', null);
INSERT INTO `job_menu` VALUES ('995', '3', '8', null);
INSERT INTO `job_menu` VALUES ('996', '3', '9', null);
INSERT INTO `job_menu` VALUES ('997', '3', '10', null);
INSERT INTO `job_menu` VALUES ('999', '3', '11', null);
INSERT INTO `job_menu` VALUES ('998', '3', '12', null);
INSERT INTO `job_menu` VALUES ('1000', '3', '14', null);
INSERT INTO `job_menu` VALUES ('1001', '3', '15', null);
INSERT INTO `job_menu` VALUES ('1002', '3', '16', null);
INSERT INTO `job_menu` VALUES ('1003', '3', '17', null);
INSERT INTO `job_menu` VALUES ('1004', '3', '18', null);
INSERT INTO `job_menu` VALUES ('1005', '3', '19', null);
INSERT INTO `job_menu` VALUES ('1006', '3', '20', null);
INSERT INTO `job_menu` VALUES ('1036', '4', '1', null);
INSERT INTO `job_menu` VALUES ('200', '4', '2', null);
INSERT INTO `job_menu` VALUES ('201', '4', '3', null);
INSERT INTO `job_menu` VALUES ('237', '4', '4', null);
INSERT INTO `job_menu` VALUES ('1037', '4', '6', null);
INSERT INTO `job_menu` VALUES ('1038', '4', '7', null);
INSERT INTO `job_menu` VALUES ('2227', '4', '7', '21');
INSERT INTO `job_menu` VALUES ('2228', '4', '7', '22');
INSERT INTO `job_menu` VALUES ('2229', '4', '7', '23');
INSERT INTO `job_menu` VALUES ('291', '4', '10', null);
INSERT INTO `job_menu` VALUES ('290', '4', '11', null);
INSERT INTO `job_menu` VALUES ('289', '4', '12', null);
INSERT INTO `job_menu` VALUES ('197', '4', '18', null);
INSERT INTO `job_menu` VALUES ('163', '5', '1', null);
INSERT INTO `job_menu` VALUES ('165', '5', '2', null);
INSERT INTO `job_menu` VALUES ('1021', '5', '3', null);
INSERT INTO `job_menu` VALUES ('1022', '5', '4', null);
INSERT INTO `job_menu` VALUES ('288', '5', '10', null);
INSERT INTO `job_menu` VALUES ('168', '9', '1', null);
INSERT INTO `job_menu` VALUES ('167', '9', '2', null);
INSERT INTO `job_menu` VALUES ('2859', '9', '3', null);
INSERT INTO `job_menu` VALUES ('171', '9', '4', null);
INSERT INTO `job_menu` VALUES ('236', '9', '18', null);
INSERT INTO `job_menu` VALUES ('2860', '9', '113', null);
INSERT INTO `job_menu` VALUES ('2861', '9', '155', null);
INSERT INTO `job_menu` VALUES ('277', '10', '8', null);
INSERT INTO `job_menu` VALUES ('278', '10', '9', null);
INSERT INTO `job_menu` VALUES ('279', '10', '10', null);
INSERT INTO `job_menu` VALUES ('1035', '15', '2', null);
INSERT INTO `job_menu` VALUES ('275', '17', '1', null);
INSERT INTO `job_menu` VALUES ('274', '17', '2', null);
INSERT INTO `job_menu` VALUES ('329', '19', '1', null);
INSERT INTO `job_menu` VALUES ('330', '19', '2', null);
INSERT INTO `job_menu` VALUES ('331', '19', '3', null);
INSERT INTO `job_menu` VALUES ('332', '19', '4', null);
INSERT INTO `job_menu` VALUES ('333', '19', '5', null);
INSERT INTO `job_menu` VALUES ('334', '19', '6', null);
INSERT INTO `job_menu` VALUES ('335', '19', '7', null);
INSERT INTO `job_menu` VALUES ('336', '19', '8', null);
INSERT INTO `job_menu` VALUES ('337', '19', '9', null);
INSERT INTO `job_menu` VALUES ('338', '19', '10', null);
INSERT INTO `job_menu` VALUES ('339', '19', '11', null);
INSERT INTO `job_menu` VALUES ('340', '19', '12', null);
INSERT INTO `job_menu` VALUES ('341', '19', '14', null);
INSERT INTO `job_menu` VALUES ('342', '19', '15', null);
INSERT INTO `job_menu` VALUES ('344', '19', '16', null);
INSERT INTO `job_menu` VALUES ('346', '19', '17', null);
INSERT INTO `job_menu` VALUES ('347', '19', '18', null);
INSERT INTO `job_menu` VALUES ('348', '19', '19', null);
INSERT INTO `job_menu` VALUES ('345', '19', '20', null);
INSERT INTO `job_menu` VALUES ('1216', '19', '66', null);
INSERT INTO `job_menu` VALUES ('1185', '23', '1', null);
INSERT INTO `job_menu` VALUES ('1435', '23', '2', null);
INSERT INTO `job_menu` VALUES ('1187', '23', '3', null);
INSERT INTO `job_menu` VALUES ('1818', '23', '3', '22');
INSERT INTO `job_menu` VALUES ('1819', '23', '3', '23');
INSERT INTO `job_menu` VALUES ('1910', '23', '4', null);
INSERT INTO `job_menu` VALUES ('1913', '23', '5', null);
INSERT INTO `job_menu` VALUES ('1931', '23', '6', null);
INSERT INTO `job_menu` VALUES ('1932', '23', '7', null);
INSERT INTO `job_menu` VALUES ('1995', '23', '7', '21');
INSERT INTO `job_menu` VALUES ('1996', '23', '7', '22');
INSERT INTO `job_menu` VALUES ('1997', '23', '7', '23');
INSERT INTO `job_menu` VALUES ('1933', '23', '8', null);
INSERT INTO `job_menu` VALUES ('1946', '23', '8', '23');
INSERT INTO `job_menu` VALUES ('1193', '23', '9', null);
INSERT INTO `job_menu` VALUES ('1934', '23', '10', null);
INSERT INTO `job_menu` VALUES ('1945', '23', '10', '21');
INSERT INTO `job_menu` VALUES ('1935', '23', '11', null);
INSERT INTO `job_menu` VALUES ('1944', '23', '11', '21');
INSERT INTO `job_menu` VALUES ('1936', '23', '12', null);
INSERT INTO `job_menu` VALUES ('1943', '23', '12', '21');
INSERT INTO `job_menu` VALUES ('1204', '23', '14', null);
INSERT INTO `job_menu` VALUES ('1210', '23', '15', null);
INSERT INTO `job_menu` VALUES ('1570', '23', '15', '21');
INSERT INTO `job_menu` VALUES ('1571', '23', '15', '24');
INSERT INTO `job_menu` VALUES ('1572', '23', '15', '25');
INSERT INTO `job_menu` VALUES ('1573', '23', '15', '28');
INSERT INTO `job_menu` VALUES ('1574', '23', '15', '29');
INSERT INTO `job_menu` VALUES ('1575', '23', '15', '30');
INSERT INTO `job_menu` VALUES ('1576', '23', '15', '31');
INSERT INTO `job_menu` VALUES ('1211', '23', '16', null);
INSERT INTO `job_menu` VALUES ('1580', '23', '16', '21');
INSERT INTO `job_menu` VALUES ('1581', '23', '16', '24');
INSERT INTO `job_menu` VALUES ('1582', '23', '16', '25');
INSERT INTO `job_menu` VALUES ('1583', '23', '16', '28');
INSERT INTO `job_menu` VALUES ('1584', '23', '16', '29');
INSERT INTO `job_menu` VALUES ('1585', '23', '16', '30');
INSERT INTO `job_menu` VALUES ('1680', '23', '16', '31');
INSERT INTO `job_menu` VALUES ('1212', '23', '17', null);
INSERT INTO `job_menu` VALUES ('1930', '23', '17', '21');
INSERT INTO `job_menu` VALUES ('2005', '23', '17', '22');
INSERT INTO `job_menu` VALUES ('2006', '23', '17', '23');
INSERT INTO `job_menu` VALUES ('1947', '23', '17', '24');
INSERT INTO `job_menu` VALUES ('1948', '23', '17', '25');
INSERT INTO `job_menu` VALUES ('1949', '23', '17', '28');
INSERT INTO `job_menu` VALUES ('1685', '23', '17', '29');
INSERT INTO `job_menu` VALUES ('1686', '23', '17', '30');
INSERT INTO `job_menu` VALUES ('1687', '23', '17', '31');
INSERT INTO `job_menu` VALUES ('1213', '23', '18', null);
INSERT INTO `job_menu` VALUES ('1214', '23', '19', null);
INSERT INTO `job_menu` VALUES ('1909', '23', '20', null);
INSERT INTO `job_menu` VALUES ('1950', '23', '20', '21');
INSERT INTO `job_menu` VALUES ('1951', '23', '20', '23');
INSERT INTO `job_menu` VALUES ('1952', '23', '20', '44');
INSERT INTO `job_menu` VALUES ('1197', '23', '65', null);
INSERT INTO `job_menu` VALUES ('1937', '23', '66', null);
INSERT INTO `job_menu` VALUES ('1942', '23', '66', '21');
INSERT INTO `job_menu` VALUES ('1938', '23', '67', null);
INSERT INTO `job_menu` VALUES ('1941', '23', '67', '21');
INSERT INTO `job_menu` VALUES ('1939', '23', '68', null);
INSERT INTO `job_menu` VALUES ('1940', '23', '68', '21');
INSERT INTO `job_menu` VALUES ('1292', '23', '69', null);
INSERT INTO `job_menu` VALUES ('1293', '23', '70', null);
INSERT INTO `job_menu` VALUES ('1294', '23', '72', null);
INSERT INTO `job_menu` VALUES ('1295', '23', '73', null);
INSERT INTO `job_menu` VALUES ('1296', '23', '74', null);
INSERT INTO `job_menu` VALUES ('1911', '23', '77', null);
INSERT INTO `job_menu` VALUES ('1912', '23', '113', null);
INSERT INTO `job_menu` VALUES ('1459', '23', '114', null);
INSERT INTO `job_menu` VALUES ('1953', '23', '115', null);
INSERT INTO `job_menu` VALUES ('1955', '23', '115', '21');
INSERT INTO `job_menu` VALUES ('1956', '23', '115', '23');
INSERT INTO `job_menu` VALUES ('1957', '23', '115', '44');
INSERT INTO `job_menu` VALUES ('1961', '23', '116', null);
INSERT INTO `job_menu` VALUES ('2002', '23', '116', '21');
INSERT INTO `job_menu` VALUES ('2003', '23', '116', '23');
INSERT INTO `job_menu` VALUES ('2004', '23', '116', '44');
INSERT INTO `job_menu` VALUES ('2087', '23', '117', null);
INSERT INTO `job_menu` VALUES ('2085', '23', '119', null);
INSERT INTO `job_menu` VALUES ('2086', '23', '120', null);
INSERT INTO `job_menu` VALUES ('2551', '23', '122', null);
INSERT INTO `job_menu` VALUES ('2552', '23', '123', null);
INSERT INTO `job_menu` VALUES ('2581', '23', '124', null);
INSERT INTO `job_menu` VALUES ('2553', '23', '125', null);
INSERT INTO `job_menu` VALUES ('2559', '23', '125', '21');
INSERT INTO `job_menu` VALUES ('2560', '23', '125', '23');
INSERT INTO `job_menu` VALUES ('2561', '23', '125', '30');
INSERT INTO `job_menu` VALUES ('2562', '23', '125', '46');
INSERT INTO `job_menu` VALUES ('2554', '23', '126', null);
INSERT INTO `job_menu` VALUES ('2563', '23', '126', '21');
INSERT INTO `job_menu` VALUES ('2564', '23', '126', '22');
INSERT INTO `job_menu` VALUES ('2565', '23', '126', '23');
INSERT INTO `job_menu` VALUES ('2566', '23', '126', '24');
INSERT INTO `job_menu` VALUES ('2568', '23', '126', '25');
INSERT INTO `job_menu` VALUES ('2569', '23', '126', '28');
INSERT INTO `job_menu` VALUES ('2570', '23', '126', '29');
INSERT INTO `job_menu` VALUES ('2555', '23', '127', null);
INSERT INTO `job_menu` VALUES ('2571', '23', '127', '21');
INSERT INTO `job_menu` VALUES ('2572', '23', '127', '22');
INSERT INTO `job_menu` VALUES ('2573', '23', '127', '23');
INSERT INTO `job_menu` VALUES ('2574', '23', '127', '24');
INSERT INTO `job_menu` VALUES ('2577', '23', '127', '25');
INSERT INTO `job_menu` VALUES ('2578', '23', '127', '28');
INSERT INTO `job_menu` VALUES ('2579', '23', '127', '29');
INSERT INTO `job_menu` VALUES ('2582', '23', '128', null);
INSERT INTO `job_menu` VALUES ('2583', '23', '129', null);
INSERT INTO `job_menu` VALUES ('2584', '23', '130', null);
INSERT INTO `job_menu` VALUES ('2556', '23', '131', null);
INSERT INTO `job_menu` VALUES ('2557', '23', '132', null);
INSERT INTO `job_menu` VALUES ('2587', '23', '133', null);
INSERT INTO `job_menu` VALUES ('2588', '23', '135', null);
INSERT INTO `job_menu` VALUES ('2589', '23', '136', null);
INSERT INTO `job_menu` VALUES ('2590', '23', '136', '21');
INSERT INTO `job_menu` VALUES ('2591', '23', '136', '46');
INSERT INTO `job_menu` VALUES ('2592', '23', '137', null);
INSERT INTO `job_menu` VALUES ('2593', '23', '137', '21');
INSERT INTO `job_menu` VALUES ('2594', '23', '137', '46');
INSERT INTO `job_menu` VALUES ('2595', '23', '138', null);
INSERT INTO `job_menu` VALUES ('2596', '23', '139', null);
INSERT INTO `job_menu` VALUES ('2597', '23', '140', null);
INSERT INTO `job_menu` VALUES ('2358', '23', '142', null);
INSERT INTO `job_menu` VALUES ('2359', '23', '143', null);
INSERT INTO `job_menu` VALUES ('2605', '23', '143', '21');
INSERT INTO `job_menu` VALUES ('2606', '23', '143', '46');
INSERT INTO `job_menu` VALUES ('2585', '23', '144', null);
INSERT INTO `job_menu` VALUES ('2586', '23', '144', '21');
INSERT INTO `job_menu` VALUES ('2598', '23', '145', null);
INSERT INTO `job_menu` VALUES ('2599', '23', '146', null);
INSERT INTO `job_menu` VALUES ('2600', '23', '147', null);
INSERT INTO `job_menu` VALUES ('2601', '23', '148', null);
INSERT INTO `job_menu` VALUES ('2604', '23', '149', null);
INSERT INTO `job_menu` VALUES ('2602', '23', '150', null);
INSERT INTO `job_menu` VALUES ('2603', '23', '151', null);
INSERT INTO `job_menu` VALUES ('2558', '23', '152', null);
INSERT INTO `job_menu` VALUES ('2580', '23', '152', '46');
INSERT INTO `job_menu` VALUES ('2420', '25', '5', null);
INSERT INTO `job_menu` VALUES ('2419', '25', '6', null);
INSERT INTO `job_menu` VALUES ('2418', '25', '12', null);
INSERT INTO `job_menu` VALUES ('2421', '25', '12', '21');
INSERT INTO `job_menu` VALUES ('2408', '25', '14', null);
INSERT INTO `job_menu` VALUES ('2409', '25', '15', null);
INSERT INTO `job_menu` VALUES ('2422', '25', '15', '21');
INSERT INTO `job_menu` VALUES ('2423', '25', '15', '24');
INSERT INTO `job_menu` VALUES ('2427', '25', '15', '25');
INSERT INTO `job_menu` VALUES ('2428', '25', '15', '28');
INSERT INTO `job_menu` VALUES ('2426', '25', '15', '29');
INSERT INTO `job_menu` VALUES ('2429', '25', '15', '30');
INSERT INTO `job_menu` VALUES ('2430', '25', '15', '31');
INSERT INTO `job_menu` VALUES ('2431', '25', '15', '45');
INSERT INTO `job_menu` VALUES ('2410', '25', '16', null);
INSERT INTO `job_menu` VALUES ('2432', '25', '16', '21');
INSERT INTO `job_menu` VALUES ('2433', '25', '16', '24');
INSERT INTO `job_menu` VALUES ('2434', '25', '16', '25');
INSERT INTO `job_menu` VALUES ('2435', '25', '16', '28');
INSERT INTO `job_menu` VALUES ('2436', '25', '16', '31');
INSERT INTO `job_menu` VALUES ('2411', '25', '17', null);
INSERT INTO `job_menu` VALUES ('2449', '25', '17', '21');
INSERT INTO `job_menu` VALUES ('2450', '25', '17', '24');
INSERT INTO `job_menu` VALUES ('2451', '25', '17', '45');
INSERT INTO `job_menu` VALUES ('2412', '25', '20', null);
INSERT INTO `job_menu` VALUES ('2437', '25', '20', '21');
INSERT INTO `job_menu` VALUES ('2438', '25', '20', '23');
INSERT INTO `job_menu` VALUES ('2439', '25', '20', '44');
INSERT INTO `job_menu` VALUES ('2440', '25', '20', '47');
INSERT INTO `job_menu` VALUES ('2413', '25', '115', null);
INSERT INTO `job_menu` VALUES ('2441', '25', '115', '21');
INSERT INTO `job_menu` VALUES ('2442', '25', '115', '23');
INSERT INTO `job_menu` VALUES ('2443', '25', '115', '44');
INSERT INTO `job_menu` VALUES ('2444', '25', '115', '47');
INSERT INTO `job_menu` VALUES ('2414', '25', '116', null);
INSERT INTO `job_menu` VALUES ('2445', '25', '116', '21');
INSERT INTO `job_menu` VALUES ('2446', '25', '116', '23');
INSERT INTO `job_menu` VALUES ('2447', '25', '116', '44');
INSERT INTO `job_menu` VALUES ('2448', '25', '116', '47');
INSERT INTO `job_menu` VALUES ('2417', '25', '119', null);
INSERT INTO `job_menu` VALUES ('1463', '27', '1', null);
INSERT INTO `job_menu` VALUES ('1344', '27', '2', null);
INSERT INTO `job_menu` VALUES ('1345', '27', '3', null);
INSERT INTO `job_menu` VALUES ('1346', '27', '4', null);
INSERT INTO `job_menu` VALUES ('1347', '27', '77', null);
INSERT INTO `job_menu` VALUES ('369', '29', '2', null);
INSERT INTO `job_menu` VALUES ('370', '29', '3', null);
INSERT INTO `job_menu` VALUES ('2849', '31', '127', null);
INSERT INTO `job_menu` VALUES ('2850', '31', '127', '21');
INSERT INTO `job_menu` VALUES ('2379', '31', '142', null);
INSERT INTO `job_menu` VALUES ('2380', '31', '143', null);
INSERT INTO `job_menu` VALUES ('2381', '31', '143', '21');
INSERT INTO `job_menu` VALUES ('2382', '31', '143', '46');
INSERT INTO `job_menu` VALUES ('1747', '35', '5', null);
INSERT INTO `job_menu` VALUES ('1929', '35', '6', null);
INSERT INTO `job_menu` VALUES ('1746', '35', '14', null);
INSERT INTO `job_menu` VALUES ('1715', '35', '16', null);
INSERT INTO `job_menu` VALUES ('1716', '35', '16', '21');
INSERT INTO `job_menu` VALUES ('1717', '35', '16', '24');
INSERT INTO `job_menu` VALUES ('1718', '35', '16', '25');
INSERT INTO `job_menu` VALUES ('1719', '35', '16', '28');
INSERT INTO `job_menu` VALUES ('1720', '35', '16', '31');
INSERT INTO `job_menu` VALUES ('2318', '35', '17', null);
INSERT INTO `job_menu` VALUES ('2324', '35', '17', '24');
INSERT INTO `job_menu` VALUES ('1888', '35', '68', null);
INSERT INTO `job_menu` VALUES ('1889', '35', '68', '21');
INSERT INTO `job_menu` VALUES ('2065', '35', '116', null);
INSERT INTO `job_menu` VALUES ('2066', '35', '116', '21');
INSERT INTO `job_menu` VALUES ('2067', '35', '116', '23');
INSERT INTO `job_menu` VALUES ('2092', '35', '116', '44');
INSERT INTO `job_menu` VALUES ('1063', '41', '1', null);
INSERT INTO `job_menu` VALUES ('1064', '41', '2', null);
INSERT INTO `job_menu` VALUES ('1065', '41', '3', null);
INSERT INTO `job_menu` VALUES ('1055', '44', '1', null);
INSERT INTO `job_menu` VALUES ('1054', '44', '2', null);
INSERT INTO `job_menu` VALUES ('1056', '44', '5', null);
INSERT INTO `job_menu` VALUES ('1053', '44', '6', null);
INSERT INTO `job_menu` VALUES ('1057', '44', '14', null);
INSERT INTO `job_menu` VALUES ('1879', '44', '15', null);
INSERT INTO `job_menu` VALUES ('1881', '44', '15', '21');
INSERT INTO `job_menu` VALUES ('1882', '44', '15', '30');
INSERT INTO `job_menu` VALUES ('1880', '44', '20', null);
INSERT INTO `job_menu` VALUES ('1883', '44', '20', '21');
INSERT INTO `job_menu` VALUES ('1884', '44', '20', '23');
INSERT INTO `job_menu` VALUES ('1885', '44', '20', '44');
INSERT INTO `job_menu` VALUES ('2205', '47', '1', null);
INSERT INTO `job_menu` VALUES ('2204', '47', '2', null);
INSERT INTO `job_menu` VALUES ('2307', '47', '5', null);
INSERT INTO `job_menu` VALUES ('2308', '47', '6', null);
INSERT INTO `job_menu` VALUES ('2209', '47', '12', null);
INSERT INTO `job_menu` VALUES ('2210', '47', '12', '21');
INSERT INTO `job_menu` VALUES ('2206', '47', '14', null);
INSERT INTO `job_menu` VALUES ('2287', '47', '15', null);
INSERT INTO `job_menu` VALUES ('2199', '47', '115', null);
INSERT INTO `job_menu` VALUES ('2200', '47', '115', '21');
INSERT INTO `job_menu` VALUES ('2201', '47', '115', '23');
INSERT INTO `job_menu` VALUES ('2202', '47', '115', '44');
INSERT INTO `job_menu` VALUES ('2203', '47', '115', '47');
INSERT INTO `job_menu` VALUES ('2208', '47', '119', null);
INSERT INTO `job_menu` VALUES ('1924', '48', '5', null);
INSERT INTO `job_menu` VALUES ('1925', '48', '14', null);
INSERT INTO `job_menu` VALUES ('1903', '48', '17', null);
INSERT INTO `job_menu` VALUES ('1904', '48', '17', '21');
INSERT INTO `job_menu` VALUES ('2020', '48', '17', '22');
INSERT INTO `job_menu` VALUES ('2021', '48', '17', '23');
INSERT INTO `job_menu` VALUES ('1905', '48', '17', '24');
INSERT INTO `job_menu` VALUES ('1907', '48', '17', '25');
INSERT INTO `job_menu` VALUES ('1906', '48', '17', '28');
INSERT INTO `job_menu` VALUES ('2018', '48', '17', '29');
INSERT INTO `job_menu` VALUES ('2019', '48', '17', '30');
INSERT INTO `job_menu` VALUES ('2017', '48', '17', '45');
INSERT INTO `job_menu` VALUES ('2216', '48', '115', null);
INSERT INTO `job_menu` VALUES ('2218', '48', '115', '21');
INSERT INTO `job_menu` VALUES ('2219', '48', '115', '23');
INSERT INTO `job_menu` VALUES ('2220', '48', '115', '44');
INSERT INTO `job_menu` VALUES ('2217', '48', '115', '47');
INSERT INTO `job_menu` VALUES ('2211', '48', '116', null);
INSERT INTO `job_menu` VALUES ('2212', '48', '116', '21');
INSERT INTO `job_menu` VALUES ('2213', '48', '116', '23');
INSERT INTO `job_menu` VALUES ('2214', '48', '116', '44');
INSERT INTO `job_menu` VALUES ('2215', '48', '116', '47');
INSERT INTO `job_menu` VALUES ('1282', '53', '5', null);
INSERT INTO `job_menu` VALUES ('1283', '53', '14', null);
INSERT INTO `job_menu` VALUES ('1286', '53', '17', null);
INSERT INTO `job_menu` VALUES ('1285', '53', '20', null);
INSERT INTO `job_menu` VALUES ('157', '60', '1', null);
INSERT INTO `job_menu` VALUES ('159', '60', '2', null);
INSERT INTO `job_menu` VALUES ('158', '60', '3', null);
INSERT INTO `job_menu` VALUES ('1922', '60', '5', null);
INSERT INTO `job_menu` VALUES ('1923', '60', '14', null);
INSERT INTO `job_menu` VALUES ('1872', '60', '15', null);
INSERT INTO `job_menu` VALUES ('1873', '60', '15', '21');
INSERT INTO `job_menu` VALUES ('1874', '60', '15', '30');
INSERT INTO `job_menu` VALUES ('1875', '60', '20', null);
INSERT INTO `job_menu` VALUES ('1876', '60', '20', '21');
INSERT INTO `job_menu` VALUES ('1877', '60', '20', '23');
INSERT INTO `job_menu` VALUES ('1878', '60', '20', '44');
INSERT INTO `job_menu` VALUES ('65', '69', '1', null);
INSERT INTO `job_menu` VALUES ('66', '69', '2', null);
INSERT INTO `job_menu` VALUES ('48', '69', '3', null);
INSERT INTO `job_menu` VALUES ('2033', '69', '3', '22');
INSERT INTO `job_menu` VALUES ('2032', '69', '3', '23');
INSERT INTO `job_menu` VALUES ('49', '69', '4', null);
INSERT INTO `job_menu` VALUES ('50', '69', '5', null);
INSERT INTO `job_menu` VALUES ('51', '69', '6', null);
INSERT INTO `job_menu` VALUES ('52', '69', '7', null);
INSERT INTO `job_menu` VALUES ('316', '69', '8', null);
INSERT INTO `job_menu` VALUES ('317', '69', '9', null);
INSERT INTO `job_menu` VALUES ('319', '69', '10', null);
INSERT INTO `job_menu` VALUES ('318', '69', '11', null);
INSERT INTO `job_menu` VALUES ('1441', '69', '11', '21');
INSERT INTO `job_menu` VALUES ('320', '69', '12', null);
INSERT INTO `job_menu` VALUES ('2061', '69', '12', '21');
INSERT INTO `job_menu` VALUES ('321', '69', '14', null);
INSERT INTO `job_menu` VALUES ('322', '69', '15', null);
INSERT INTO `job_menu` VALUES ('2053', '69', '15', '21');
INSERT INTO `job_menu` VALUES ('2054', '69', '15', '24');
INSERT INTO `job_menu` VALUES ('2055', '69', '15', '25');
INSERT INTO `job_menu` VALUES ('2056', '69', '15', '28');
INSERT INTO `job_menu` VALUES ('2057', '69', '15', '29');
INSERT INTO `job_menu` VALUES ('2058', '69', '15', '30');
INSERT INTO `job_menu` VALUES ('2059', '69', '15', '31');
INSERT INTO `job_menu` VALUES ('2060', '69', '15', '45');
INSERT INTO `job_menu` VALUES ('324', '69', '16', null);
INSERT INTO `job_menu` VALUES ('2026', '69', '16', '21');
INSERT INTO `job_menu` VALUES ('2027', '69', '16', '24');
INSERT INTO `job_menu` VALUES ('2028', '69', '16', '25');
INSERT INTO `job_menu` VALUES ('2029', '69', '16', '28');
INSERT INTO `job_menu` VALUES ('2030', '69', '16', '31');
INSERT INTO `job_menu` VALUES ('323', '69', '17', null);
INSERT INTO `job_menu` VALUES ('2042', '69', '17', '21');
INSERT INTO `job_menu` VALUES ('2043', '69', '17', '22');
INSERT INTO `job_menu` VALUES ('2044', '69', '17', '23');
INSERT INTO `job_menu` VALUES ('2045', '69', '17', '24');
INSERT INTO `job_menu` VALUES ('2046', '69', '17', '25');
INSERT INTO `job_menu` VALUES ('2047', '69', '17', '28');
INSERT INTO `job_menu` VALUES ('2048', '69', '17', '29');
INSERT INTO `job_menu` VALUES ('2049', '69', '17', '30');
INSERT INTO `job_menu` VALUES ('2050', '69', '17', '31');
INSERT INTO `job_menu` VALUES ('2051', '69', '17', '44');
INSERT INTO `job_menu` VALUES ('2052', '69', '17', '45');
INSERT INTO `job_menu` VALUES ('325', '69', '18', null);
INSERT INTO `job_menu` VALUES ('326', '69', '19', null);
INSERT INTO `job_menu` VALUES ('327', '69', '20', null);
INSERT INTO `job_menu` VALUES ('1217', '69', '66', null);
INSERT INTO `job_menu` VALUES ('1220', '69', '67', null);
INSERT INTO `job_menu` VALUES ('1221', '69', '68', null);
INSERT INTO `job_menu` VALUES ('1287', '69', '77', null);
INSERT INTO `job_menu` VALUES ('1420', '69', '113', null);
INSERT INTO `job_menu` VALUES ('1695', '69', '115', null);
INSERT INTO `job_menu` VALUES ('1696', '69', '116', null);
INSERT INTO `job_menu` VALUES ('2031', '69', '117', null);
INSERT INTO `job_menu` VALUES ('2024', '69', '118', null);
INSERT INTO `job_menu` VALUES ('2120', '69', '119', null);
INSERT INTO `job_menu` VALUES ('2121', '69', '120', null);
INSERT INTO `job_menu` VALUES ('2376', '69', '122', null);
INSERT INTO `job_menu` VALUES ('2375', '69', '123', null);
INSERT INTO `job_menu` VALUES ('2364', '69', '124', null);
INSERT INTO `job_menu` VALUES ('2374', '69', '125', null);
INSERT INTO `job_menu` VALUES ('2373', '69', '126', null);
INSERT INTO `job_menu` VALUES ('2372', '69', '127', null);
INSERT INTO `job_menu` VALUES ('2365', '69', '128', null);
INSERT INTO `job_menu` VALUES ('2366', '69', '129', null);
INSERT INTO `job_menu` VALUES ('2367', '69', '130', null);
INSERT INTO `job_menu` VALUES ('2371', '69', '131', null);
INSERT INTO `job_menu` VALUES ('2370', '69', '132', null);
INSERT INTO `job_menu` VALUES ('3049', '69', '133', null);
INSERT INTO `job_menu` VALUES ('3050', '69', '133', null);
INSERT INTO `job_menu` VALUES ('3053', '69', '135', null);
INSERT INTO `job_menu` VALUES ('3054', '69', '135', null);
INSERT INTO `job_menu` VALUES ('3051', '69', '136', null);
INSERT INTO `job_menu` VALUES ('3052', '69', '136', null);
INSERT INTO `job_menu` VALUES ('3055', '69', '137', null);
INSERT INTO `job_menu` VALUES ('3056', '69', '137', null);
INSERT INTO `job_menu` VALUES ('3059', '69', '138', null);
INSERT INTO `job_menu` VALUES ('3060', '69', '138', null);
INSERT INTO `job_menu` VALUES ('3061', '69', '139', null);
INSERT INTO `job_menu` VALUES ('3062', '69', '139', null);
INSERT INTO `job_menu` VALUES ('3063', '69', '140', null);
INSERT INTO `job_menu` VALUES ('3064', '69', '140', null);
INSERT INTO `job_menu` VALUES ('2325', '69', '142', null);
INSERT INTO `job_menu` VALUES ('2326', '69', '143', null);
INSERT INTO `job_menu` VALUES ('3065', '69', '145', null);
INSERT INTO `job_menu` VALUES ('3066', '69', '145', null);
INSERT INTO `job_menu` VALUES ('3067', '69', '146', null);
INSERT INTO `job_menu` VALUES ('3068', '69', '146', null);
INSERT INTO `job_menu` VALUES ('3069', '69', '147', null);
INSERT INTO `job_menu` VALUES ('3070', '69', '147', null);
INSERT INTO `job_menu` VALUES ('3071', '69', '148', null);
INSERT INTO `job_menu` VALUES ('3072', '69', '148', null);
INSERT INTO `job_menu` VALUES ('3073', '69', '149', null);
INSERT INTO `job_menu` VALUES ('3074', '69', '149', null);
INSERT INTO `job_menu` VALUES ('3075', '69', '150', null);
INSERT INTO `job_menu` VALUES ('3076', '69', '150', null);
INSERT INTO `job_menu` VALUES ('3083', '69', '151', null);
INSERT INTO `job_menu` VALUES ('3084', '69', '151', null);
INSERT INTO `job_menu` VALUES ('2369', '69', '152', null);
INSERT INTO `job_menu` VALUES ('2377', '69', '152', '21');
INSERT INTO `job_menu` VALUES ('2378', '69', '152', '46');
INSERT INTO `job_menu` VALUES ('3079', '69', '156', null);
INSERT INTO `job_menu` VALUES ('3080', '69', '156', null);
INSERT INTO `job_menu` VALUES ('3089', '69', '160', null);
INSERT INTO `job_menu` VALUES ('3090', '69', '160', null);
INSERT INTO `job_menu` VALUES ('3091', '69', '163', null);
INSERT INTO `job_menu` VALUES ('3092', '69', '163', null);
INSERT INTO `job_menu` VALUES ('3077', '69', '177', null);
INSERT INTO `job_menu` VALUES ('3078', '69', '177', null);
INSERT INTO `job_menu` VALUES ('3081', '69', '178', null);
INSERT INTO `job_menu` VALUES ('3082', '69', '178', null);
INSERT INTO `job_menu` VALUES ('3085', '69', '179', null);
INSERT INTO `job_menu` VALUES ('3086', '69', '179', null);
INSERT INTO `job_menu` VALUES ('3087', '69', '180', null);
INSERT INTO `job_menu` VALUES ('3088', '69', '180', null);
INSERT INTO `job_menu` VALUES ('3057', '69', '216', null);
INSERT INTO `job_menu` VALUES ('3058', '69', '216', null);
INSERT INTO `job_menu` VALUES ('1705', '70', '20', null);
INSERT INTO `job_menu` VALUES ('1704', '70', '115', null);
INSERT INTO `job_menu` VALUES ('1703', '70', '116', null);
INSERT INTO `job_menu` VALUES ('1263', '73', '1', null);
INSERT INTO `job_menu` VALUES ('1266', '73', '2', null);
INSERT INTO `job_menu` VALUES ('1264', '73', '3', null);
INSERT INTO `job_menu` VALUES ('1265', '73', '4', null);
INSERT INTO `job_menu` VALUES ('1267', '73', '5', null);
INSERT INTO `job_menu` VALUES ('1268', '73', '6', null);
INSERT INTO `job_menu` VALUES ('1269', '73', '7', null);
INSERT INTO `job_menu` VALUES ('1611', '73', '7', '21');
INSERT INTO `job_menu` VALUES ('1615', '73', '7', '22');
INSERT INTO `job_menu` VALUES ('1616', '73', '7', '23');
INSERT INTO `job_menu` VALUES ('1270', '73', '8', null);
INSERT INTO `job_menu` VALUES ('1617', '73', '8', '23');
INSERT INTO `job_menu` VALUES ('1272', '73', '10', null);
INSERT INTO `job_menu` VALUES ('1618', '73', '10', '21');
INSERT INTO `job_menu` VALUES ('1271', '73', '11', null);
INSERT INTO `job_menu` VALUES ('1622', '73', '11', '21');
INSERT INTO `job_menu` VALUES ('1273', '73', '12', null);
INSERT INTO `job_menu` VALUES ('1624', '73', '12', '21');
INSERT INTO `job_menu` VALUES ('1277', '73', '14', null);
INSERT INTO `job_menu` VALUES ('1278', '73', '15', null);
INSERT INTO `job_menu` VALUES ('1630', '73', '15', '21');
INSERT INTO `job_menu` VALUES ('1631', '73', '15', '24');
INSERT INTO `job_menu` VALUES ('1633', '73', '15', '25');
INSERT INTO `job_menu` VALUES ('1635', '73', '15', '28');
INSERT INTO `job_menu` VALUES ('1636', '73', '15', '29');
INSERT INTO `job_menu` VALUES ('1640', '73', '15', '30');
INSERT INTO `job_menu` VALUES ('1645', '73', '15', '31');
INSERT INTO `job_menu` VALUES ('1279', '73', '16', null);
INSERT INTO `job_menu` VALUES ('1646', '73', '16', '21');
INSERT INTO `job_menu` VALUES ('1647', '73', '16', '24');
INSERT INTO `job_menu` VALUES ('1650', '73', '16', '25');
INSERT INTO `job_menu` VALUES ('1661', '73', '16', '28');
INSERT INTO `job_menu` VALUES ('1664', '73', '16', '29');
INSERT INTO `job_menu` VALUES ('1665', '73', '16', '30');
INSERT INTO `job_menu` VALUES ('1666', '73', '16', '31');
INSERT INTO `job_menu` VALUES ('1280', '73', '17', null);
INSERT INTO `job_menu` VALUES ('1671', '73', '17', '21');
INSERT INTO `job_menu` VALUES ('1672', '73', '17', '24');
INSERT INTO `job_menu` VALUES ('1673', '73', '17', '25');
INSERT INTO `job_menu` VALUES ('1674', '73', '17', '28');
INSERT INTO `job_menu` VALUES ('1675', '73', '17', '29');
INSERT INTO `job_menu` VALUES ('1676', '73', '17', '30');
INSERT INTO `job_menu` VALUES ('1677', '73', '17', '31');
INSERT INTO `job_menu` VALUES ('1281', '73', '20', null);
INSERT INTO `job_menu` VALUES ('1678', '73', '20', '21');
INSERT INTO `job_menu` VALUES ('1679', '73', '20', '23');
INSERT INTO `job_menu` VALUES ('2073', '73', '20', '44');
INSERT INTO `job_menu` VALUES ('2190', '73', '20', '47');
INSERT INTO `job_menu` VALUES ('1274', '73', '66', null);
INSERT INTO `job_menu` VALUES ('1626', '73', '66', '21');
INSERT INTO `job_menu` VALUES ('1275', '73', '67', null);
INSERT INTO `job_menu` VALUES ('1691', '73', '67', '21');
INSERT INTO `job_menu` VALUES ('1276', '73', '68', null);
INSERT INTO `job_menu` VALUES ('1628', '73', '68', '21');
INSERT INTO `job_menu` VALUES ('1478', '73', '77', null);
INSERT INTO `job_menu` VALUES ('1479', '73', '113', null);
INSERT INTO `job_menu` VALUES ('1480', '73', '114', null);
INSERT INTO `job_menu` VALUES ('1669', '73', '115', null);
INSERT INTO `job_menu` VALUES ('2014', '73', '115', '21');
INSERT INTO `job_menu` VALUES ('2015', '73', '115', '23');
INSERT INTO `job_menu` VALUES ('2016', '73', '115', '44');
INSERT INTO `job_menu` VALUES ('2192', '73', '115', '47');
INSERT INTO `job_menu` VALUES ('1670', '73', '116', null);
INSERT INTO `job_menu` VALUES ('2011', '73', '116', '21');
INSERT INTO `job_menu` VALUES ('2012', '73', '116', '23');
INSERT INTO `job_menu` VALUES ('2013', '73', '116', '44');
INSERT INTO `job_menu` VALUES ('2191', '73', '116', '47');
INSERT INTO `job_menu` VALUES ('2010', '73', '117', null);
INSERT INTO `job_menu` VALUES ('2088', '73', '118', null);
INSERT INTO `job_menu` VALUES ('2071', '73', '119', null);
INSERT INTO `job_menu` VALUES ('2072', '73', '120', null);
INSERT INTO `job_menu` VALUES ('2459', '73', '142', null);
INSERT INTO `job_menu` VALUES ('2460', '73', '143', null);
INSERT INTO `job_menu` VALUES ('1926', '77', '5', null);
INSERT INTO `job_menu` VALUES ('1927', '77', '6', null);
INSERT INTO `job_menu` VALUES ('1928', '77', '14', null);
INSERT INTO `job_menu` VALUES ('1724', '77', '16', null);
INSERT INTO `job_menu` VALUES ('1725', '77', '16', '21');
INSERT INTO `job_menu` VALUES ('1726', '77', '16', '24');
INSERT INTO `job_menu` VALUES ('1727', '77', '16', '25');
INSERT INTO `job_menu` VALUES ('1728', '77', '16', '28');
INSERT INTO `job_menu` VALUES ('1729', '77', '16', '31');
INSERT INTO `job_menu` VALUES ('1730', '77', '20', '21');
INSERT INTO `job_menu` VALUES ('1886', '77', '68', null);
INSERT INTO `job_menu` VALUES ('1887', '77', '68', '21');
INSERT INTO `job_menu` VALUES ('1744', '85', '5', null);
INSERT INTO `job_menu` VALUES ('1745', '85', '14', null);
INSERT INTO `job_menu` VALUES ('1732', '85', '15', null);
INSERT INTO `job_menu` VALUES ('1845', '85', '15', '21');
INSERT INTO `job_menu` VALUES ('2022', '85', '15', '29');
INSERT INTO `job_menu` VALUES ('1738', '85', '15', '30');
INSERT INTO `job_menu` VALUES ('2023', '85', '15', '45');
INSERT INTO `job_menu` VALUES ('1846', '85', '20', null);
INSERT INTO `job_menu` VALUES ('1847', '85', '20', '21');
INSERT INTO `job_menu` VALUES ('1848', '85', '20', '23');
INSERT INTO `job_menu` VALUES ('1849', '85', '20', '44');
INSERT INTO `job_menu` VALUES ('2167', '85', '20', '47');
INSERT INTO `job_menu` VALUES ('2225', '86', '1', null);
INSERT INTO `job_menu` VALUES ('2224', '86', '2', null);
INSERT INTO `job_menu` VALUES ('2226', '86', '5', null);
INSERT INTO `job_menu` VALUES ('2223', '86', '14', null);
INSERT INTO `job_menu` VALUES ('2245', '86', '17', null);
INSERT INTO `job_menu` VALUES ('2256', '86', '17', '21');
INSERT INTO `job_menu` VALUES ('2255', '86', '17', '22');
INSERT INTO `job_menu` VALUES ('2254', '86', '17', '23');
INSERT INTO `job_menu` VALUES ('2253', '86', '17', '24');
INSERT INTO `job_menu` VALUES ('2248', '86', '17', '25');
INSERT INTO `job_menu` VALUES ('2247', '86', '17', '28');
INSERT INTO `job_menu` VALUES ('2249', '86', '17', '29');
INSERT INTO `job_menu` VALUES ('2250', '86', '17', '30');
INSERT INTO `job_menu` VALUES ('2251', '86', '17', '31');
INSERT INTO `job_menu` VALUES ('2252', '86', '17', '44');
INSERT INTO `job_menu` VALUES ('2246', '86', '17', '45');
INSERT INTO `job_menu` VALUES ('2222', '86', '115', null);
INSERT INTO `job_menu` VALUES ('1920', '87', '5', null);
INSERT INTO `job_menu` VALUES ('1921', '87', '14', null);
INSERT INTO `job_menu` VALUES ('1865', '87', '15', null);
INSERT INTO `job_menu` VALUES ('1866', '87', '15', '21');
INSERT INTO `job_menu` VALUES ('1867', '87', '15', '30');
INSERT INTO `job_menu` VALUES ('1868', '87', '20', null);
INSERT INTO `job_menu` VALUES ('1869', '87', '20', '21');
INSERT INTO `job_menu` VALUES ('1870', '87', '20', '23');
INSERT INTO `job_menu` VALUES ('1871', '87', '20', '44');
INSERT INTO `job_menu` VALUES ('2311', '88', '2', null);
INSERT INTO `job_menu` VALUES ('2312', '88', '15', null);
INSERT INTO `job_menu` VALUES ('2314', '88', '15', '21');
INSERT INTO `job_menu` VALUES ('2313', '88', '116', null);
INSERT INTO `job_menu` VALUES ('1916', '89', '5', null);
INSERT INTO `job_menu` VALUES ('1917', '89', '14', null);
INSERT INTO `job_menu` VALUES ('1858', '89', '15', null);
INSERT INTO `job_menu` VALUES ('1859', '89', '15', '21');
INSERT INTO `job_menu` VALUES ('1860', '89', '15', '30');
INSERT INTO `job_menu` VALUES ('1861', '89', '20', null);
INSERT INTO `job_menu` VALUES ('1862', '89', '20', '21');
INSERT INTO `job_menu` VALUES ('1863', '89', '20', '23');
INSERT INTO `job_menu` VALUES ('1864', '89', '20', '44');
INSERT INTO `job_menu` VALUES ('67', '95', '1', null);
INSERT INTO `job_menu` VALUES ('68', '95', '2', null);
INSERT INTO `job_menu` VALUES ('69', '95', '3', null);
INSERT INTO `job_menu` VALUES ('70', '95', '4', null);
INSERT INTO `job_menu` VALUES ('71', '95', '5', null);
INSERT INTO `job_menu` VALUES ('72', '95', '6', null);
INSERT INTO `job_menu` VALUES ('73', '95', '7', null);
INSERT INTO `job_menu` VALUES ('1485', '95', '7', '21');
INSERT INTO `job_menu` VALUES ('1568', '95', '7', '22');
INSERT INTO `job_menu` VALUES ('1569', '95', '7', '23');
INSERT INTO `job_menu` VALUES ('1041', '95', '8', null);
INSERT INTO `job_menu` VALUES ('1482', '95', '8', '23');
INSERT INTO `job_menu` VALUES ('1042', '95', '9', null);
INSERT INTO `job_menu` VALUES ('1486', '95', '10', '21');
INSERT INTO `job_menu` VALUES ('1044', '95', '11', null);
INSERT INTO `job_menu` VALUES ('1457', '95', '11', '21');
INSERT INTO `job_menu` VALUES ('1045', '95', '12', null);
INSERT INTO `job_menu` VALUES ('1567', '95', '12', '21');
INSERT INTO `job_menu` VALUES ('1040', '95', '14', null);
INSERT INTO `job_menu` VALUES ('1046', '95', '15', null);
INSERT INTO `job_menu` VALUES ('2096', '95', '15', '21');
INSERT INTO `job_menu` VALUES ('1544', '95', '15', '23');
INSERT INTO `job_menu` VALUES ('2097', '95', '15', '24');
INSERT INTO `job_menu` VALUES ('2098', '95', '15', '25');
INSERT INTO `job_menu` VALUES ('2099', '95', '15', '28');
INSERT INTO `job_menu` VALUES ('2100', '95', '15', '29');
INSERT INTO `job_menu` VALUES ('2101', '95', '15', '30');
INSERT INTO `job_menu` VALUES ('2102', '95', '15', '31');
INSERT INTO `job_menu` VALUES ('2103', '95', '15', '45');
INSERT INTO `job_menu` VALUES ('1047', '95', '16', null);
INSERT INTO `job_menu` VALUES ('1558', '95', '16', '21');
INSERT INTO `job_menu` VALUES ('1551', '95', '16', '23');
INSERT INTO `job_menu` VALUES ('1552', '95', '16', '24');
INSERT INTO `job_menu` VALUES ('1553', '95', '16', '25');
INSERT INTO `job_menu` VALUES ('1554', '95', '16', '28');
INSERT INTO `job_menu` VALUES ('1556', '95', '16', '29');
INSERT INTO `job_menu` VALUES ('1557', '95', '16', '30');
INSERT INTO `job_menu` VALUES ('1543', '95', '16', '31');
INSERT INTO `job_menu` VALUES ('1048', '95', '17', null);
INSERT INTO `job_menu` VALUES ('1559', '95', '17', '21');
INSERT INTO `job_menu` VALUES ('1560', '95', '17', '23');
INSERT INTO `job_menu` VALUES ('1561', '95', '17', '24');
INSERT INTO `job_menu` VALUES ('1562', '95', '17', '25');
INSERT INTO `job_menu` VALUES ('1563', '95', '17', '28');
INSERT INTO `job_menu` VALUES ('1564', '95', '17', '29');
INSERT INTO `job_menu` VALUES ('1565', '95', '17', '30');
INSERT INTO `job_menu` VALUES ('1566', '95', '17', '31');
INSERT INTO `job_menu` VALUES ('1998', '95', '17', '45');
INSERT INTO `job_menu` VALUES ('1049', '95', '18', null);
INSERT INTO `job_menu` VALUES ('1050', '95', '19', null);
INSERT INTO `job_menu` VALUES ('1051', '95', '20', null);
INSERT INTO `job_menu` VALUES ('2607', '95', '20', '21');
INSERT INTO `job_menu` VALUES ('2611', '95', '20', '23');
INSERT INTO `job_menu` VALUES ('2609', '95', '20', '44');
INSERT INTO `job_menu` VALUES ('2610', '95', '20', '47');
INSERT INTO `job_menu` VALUES ('1218', '95', '66', null);
INSERT INTO `job_menu` VALUES ('1488', '95', '66', '21');
INSERT INTO `job_menu` VALUES ('1219', '95', '67', null);
INSERT INTO `job_menu` VALUES ('1487', '95', '67', '21');
INSERT INTO `job_menu` VALUES ('1229', '95', '68', null);
INSERT INTO `job_menu` VALUES ('1489', '95', '68', '21');
INSERT INTO `job_menu` VALUES ('1402', '95', '77', null);
INSERT INTO `job_menu` VALUES ('1422', '95', '113', null);
INSERT INTO `job_menu` VALUES ('1442', '95', '114', null);
INSERT INTO `job_menu` VALUES ('1495', '95', '115', null);
INSERT INTO `job_menu` VALUES ('1496', '95', '116', null);
INSERT INTO `job_menu` VALUES ('2126', '95', '116', '21');
INSERT INTO `job_menu` VALUES ('2127', '95', '116', '23');
INSERT INTO `job_menu` VALUES ('1999', '95', '117', null);
INSERT INTO `job_menu` VALUES ('2068', '95', '119', null);
INSERT INTO `job_menu` VALUES ('2187', '95', '122', null);
INSERT INTO `job_menu` VALUES ('2186', '95', '123', null);
INSERT INTO `job_menu` VALUES ('2188', '95', '125', null);
INSERT INTO `job_menu` VALUES ('2189', '95', '125', '21');
INSERT INTO `job_menu` VALUES ('81', '96', '1', null);
INSERT INTO `job_menu` VALUES ('82', '96', '2', null);
INSERT INTO `job_menu` VALUES ('83', '96', '3', null);
INSERT INTO `job_menu` VALUES ('84', '96', '4', null);
INSERT INTO `job_menu` VALUES ('85', '96', '5', null);
INSERT INTO `job_menu` VALUES ('86', '96', '6', null);
INSERT INTO `job_menu` VALUES ('87', '96', '7', null);
INSERT INTO `job_menu` VALUES ('938', '96', '8', null);
INSERT INTO `job_menu` VALUES ('936', '96', '9', null);
INSERT INTO `job_menu` VALUES ('940', '96', '10', null);
INSERT INTO `job_menu` VALUES ('939', '96', '11', null);
INSERT INTO `job_menu` VALUES ('941', '96', '12', null);
INSERT INTO `job_menu` VALUES ('951', '96', '14', null);
INSERT INTO `job_menu` VALUES ('953', '96', '15', null);
INSERT INTO `job_menu` VALUES ('955', '96', '16', null);
INSERT INTO `job_menu` VALUES ('952', '96', '17', null);
INSERT INTO `job_menu` VALUES ('954', '96', '18', null);
INSERT INTO `job_menu` VALUES ('957', '96', '19', null);
INSERT INTO `job_menu` VALUES ('956', '96', '20', null);
INSERT INTO `job_menu` VALUES ('41', '99', '1', null);
INSERT INTO `job_menu` VALUES ('42', '99', '2', null);
INSERT INTO `job_menu` VALUES ('43', '99', '3', null);
INSERT INTO `job_menu` VALUES ('1813', '99', '3', '22');
INSERT INTO `job_menu` VALUES ('1814', '99', '3', '23');
INSERT INTO `job_menu` VALUES ('44', '99', '4', null);
INSERT INTO `job_menu` VALUES ('45', '99', '5', null);
INSERT INTO `job_menu` VALUES ('46', '99', '6', null);
INSERT INTO `job_menu` VALUES ('47', '99', '7', null);
INSERT INTO `job_menu` VALUES ('1327', '99', '7', '2');
INSERT INTO `job_menu` VALUES ('1805', '99', '7', '21');
INSERT INTO `job_menu` VALUES ('1806', '99', '7', '22');
INSERT INTO `job_menu` VALUES ('1807', '99', '7', '23');
INSERT INTO `job_menu` VALUES ('437', '99', '8', null);
INSERT INTO `job_menu` VALUES ('1808', '99', '8', '23');
INSERT INTO `job_menu` VALUES ('438', '99', '9', null);
INSERT INTO `job_menu` VALUES ('439', '99', '10', null);
INSERT INTO `job_menu` VALUES ('1809', '99', '10', '21');
INSERT INTO `job_menu` VALUES ('440', '99', '11', null);
INSERT INTO `job_menu` VALUES ('1810', '99', '11', '21');
INSERT INTO `job_menu` VALUES ('441', '99', '12', null);
INSERT INTO `job_menu` VALUES ('1699', '99', '12', '21');
INSERT INTO `job_menu` VALUES ('420', '99', '14', null);
INSERT INTO `job_menu` VALUES ('443', '99', '15', null);
INSERT INTO `job_menu` VALUES ('1789', '99', '15', '21');
INSERT INTO `job_menu` VALUES ('1790', '99', '15', '24');
INSERT INTO `job_menu` VALUES ('1791', '99', '15', '25');
INSERT INTO `job_menu` VALUES ('1792', '99', '15', '28');
INSERT INTO `job_menu` VALUES ('1793', '99', '15', '29');
INSERT INTO `job_menu` VALUES ('1794', '99', '15', '30');
INSERT INTO `job_menu` VALUES ('1795', '99', '15', '31');
INSERT INTO `job_menu` VALUES ('444', '99', '16', null);
INSERT INTO `job_menu` VALUES ('1796', '99', '16', '21');
INSERT INTO `job_menu` VALUES ('1797', '99', '16', '24');
INSERT INTO `job_menu` VALUES ('1798', '99', '16', '25');
INSERT INTO `job_menu` VALUES ('1799', '99', '16', '28');
INSERT INTO `job_menu` VALUES ('1800', '99', '16', '31');
INSERT INTO `job_menu` VALUES ('427', '99', '17', null);
INSERT INTO `job_menu` VALUES ('1801', '99', '17', '21');
INSERT INTO `job_menu` VALUES ('1802', '99', '17', '24');
INSERT INTO `job_menu` VALUES ('1803', '99', '17', '25');
INSERT INTO `job_menu` VALUES ('1804', '99', '17', '28');
INSERT INTO `job_menu` VALUES ('430', '99', '18', null);
INSERT INTO `job_menu` VALUES ('433', '99', '19', null);
INSERT INTO `job_menu` VALUES ('436', '99', '20', null);
INSERT INTO `job_menu` VALUES ('1787', '99', '20', '21');
INSERT INTO `job_menu` VALUES ('1788', '99', '20', '23');
INSERT INTO `job_menu` VALUES ('1968', '99', '20', '44');
INSERT INTO `job_menu` VALUES ('2283', '99', '20', '47');
INSERT INTO `job_menu` VALUES ('1452', '99', '66', null);
INSERT INTO `job_menu` VALUES ('1811', '99', '66', '21');
INSERT INTO `job_menu` VALUES ('1453', '99', '67', null);
INSERT INTO `job_menu` VALUES ('1786', '99', '67', '21');
INSERT INTO `job_menu` VALUES ('1454', '99', '68', null);
INSERT INTO `job_menu` VALUES ('1812', '99', '68', '21');
INSERT INTO `job_menu` VALUES ('1450', '99', '77', null);
INSERT INTO `job_menu` VALUES ('1451', '99', '113', null);
INSERT INTO `job_menu` VALUES ('2929', '99', '113', '21');
INSERT INTO `job_menu` VALUES ('1455', '99', '114', null);
INSERT INTO `job_menu` VALUES ('1697', '99', '115', null);
INSERT INTO `job_menu` VALUES ('1965', '99', '115', '21');
INSERT INTO `job_menu` VALUES ('1966', '99', '115', '23');
INSERT INTO `job_menu` VALUES ('1967', '99', '115', '44');
INSERT INTO `job_menu` VALUES ('2282', '99', '115', '47');
INSERT INTO `job_menu` VALUES ('1698', '99', '116', null);
INSERT INTO `job_menu` VALUES ('1962', '99', '116', '21');
INSERT INTO `job_menu` VALUES ('1963', '99', '116', '23');
INSERT INTO `job_menu` VALUES ('1964', '99', '116', '44');
INSERT INTO `job_menu` VALUES ('2284', '99', '116', '47');
INSERT INTO `job_menu` VALUES ('2000', '99', '117', null);
INSERT INTO `job_menu` VALUES ('2295', '99', '119', null);
INSERT INTO `job_menu` VALUES ('2142', '99', '122', null);
INSERT INTO `job_menu` VALUES ('2143', '99', '123', null);
INSERT INTO `job_menu` VALUES ('2149', '99', '124', null);
INSERT INTO `job_menu` VALUES ('2144', '99', '125', null);
INSERT INTO `job_menu` VALUES ('2181', '99', '125', '21');
INSERT INTO `job_menu` VALUES ('2145', '99', '126', null);
INSERT INTO `job_menu` VALUES ('2930', '99', '126', '21');
INSERT INTO `job_menu` VALUES ('2931', '99', '126', '22');
INSERT INTO `job_menu` VALUES ('2932', '99', '126', '23');
INSERT INTO `job_menu` VALUES ('2933', '99', '126', '24');
INSERT INTO `job_menu` VALUES ('2934', '99', '126', '25');
INSERT INTO `job_menu` VALUES ('2935', '99', '126', '28');
INSERT INTO `job_menu` VALUES ('2936', '99', '126', '29');
INSERT INTO `job_menu` VALUES ('2942', '99', '126', '30');
INSERT INTO `job_menu` VALUES ('2941', '99', '126', '31');
INSERT INTO `job_menu` VALUES ('2940', '99', '126', '44');
INSERT INTO `job_menu` VALUES ('2939', '99', '126', '45');
INSERT INTO `job_menu` VALUES ('2938', '99', '126', '46');
INSERT INTO `job_menu` VALUES ('2937', '99', '126', '47');
INSERT INTO `job_menu` VALUES ('2146', '99', '127', null);
INSERT INTO `job_menu` VALUES ('2781', '99', '127', '21');
INSERT INTO `job_menu` VALUES ('2943', '99', '127', '155');
INSERT INTO `job_menu` VALUES ('2150', '99', '128', null);
INSERT INTO `job_menu` VALUES ('2748', '99', '128', '72');
INSERT INTO `job_menu` VALUES ('2749', '99', '128', '73');
INSERT INTO `job_menu` VALUES ('2750', '99', '128', '74');
INSERT INTO `job_menu` VALUES ('2751', '99', '128', '75');
INSERT INTO `job_menu` VALUES ('2752', '99', '128', '76');
INSERT INTO `job_menu` VALUES ('2753', '99', '128', '77');
INSERT INTO `job_menu` VALUES ('2754', '99', '128', '78');
INSERT INTO `job_menu` VALUES ('2946', '99', '128', '83');
INSERT INTO `job_menu` VALUES ('2947', '99', '128', '91');
INSERT INTO `job_menu` VALUES ('2945', '99', '128', '156');
INSERT INTO `job_menu` VALUES ('2151', '99', '129', null);
INSERT INTO `job_menu` VALUES ('2152', '99', '130', null);
INSERT INTO `job_menu` VALUES ('2755', '99', '130', '21');
INSERT INTO `job_menu` VALUES ('2779', '99', '130', '79');
INSERT INTO `job_menu` VALUES ('2778', '99', '130', '80');
INSERT INTO `job_menu` VALUES ('2851', '99', '130', '81');
INSERT INTO `job_menu` VALUES ('2147', '99', '131', null);
INSERT INTO `job_menu` VALUES ('2148', '99', '132', null);
INSERT INTO `job_menu` VALUES ('2288', '99', '133', null);
INSERT INTO `job_menu` VALUES ('2289', '99', '135', null);
INSERT INTO `job_menu` VALUES ('2302', '99', '136', null);
INSERT INTO `job_menu` VALUES ('2305', '99', '136', '21');
INSERT INTO `job_menu` VALUES ('4081', '99', '136', '23');
INSERT INTO `job_menu` VALUES ('2309', '99', '136', '46');
INSERT INTO `job_menu` VALUES ('2301', '99', '137', null);
INSERT INTO `job_menu` VALUES ('2306', '99', '137', '21');
INSERT INTO `job_menu` VALUES ('2310', '99', '137', '46');
INSERT INTO `job_menu` VALUES ('2298', '99', '138', null);
INSERT INTO `job_menu` VALUES ('2299', '99', '139', null);
INSERT INTO `job_menu` VALUES ('2300', '99', '140', null);
INSERT INTO `job_menu` VALUES ('2327', '99', '142', null);
INSERT INTO `job_menu` VALUES ('2328', '99', '143', null);
INSERT INTO `job_menu` VALUES ('2724', '99', '145', null);
INSERT INTO `job_menu` VALUES ('2725', '99', '146', null);
INSERT INTO `job_menu` VALUES ('2718', '99', '147', null);
INSERT INTO `job_menu` VALUES ('2719', '99', '148', null);
INSERT INTO `job_menu` VALUES ('2720', '99', '149', null);
INSERT INTO `job_menu` VALUES ('2721', '99', '150', null);
INSERT INTO `job_menu` VALUES ('2722', '99', '151', null);
INSERT INTO `job_menu` VALUES ('2717', '99', '152', null);
INSERT INTO `job_menu` VALUES ('2944', '99', '152', '155');
INSERT INTO `job_menu` VALUES ('2726', '99', '155', null);
INSERT INTO `job_menu` VALUES ('2723', '99', '156', null);
INSERT INTO `job_menu` VALUES ('2727', '99', '159', null);
INSERT INTO `job_menu` VALUES ('2782', '99', '160', null);
INSERT INTO `job_menu` VALUES ('2783', '99', '163', null);
INSERT INTO `job_menu` VALUES ('2784', '99', '164', null);
INSERT INTO `job_menu` VALUES ('2785', '99', '165', null);
INSERT INTO `job_menu` VALUES ('2786', '99', '166', null);
INSERT INTO `job_menu` VALUES ('2787', '99', '167', null);
INSERT INTO `job_menu` VALUES ('2967', '99', '170', null);
INSERT INTO `job_menu` VALUES ('2964', '99', '174', null);
INSERT INTO `job_menu` VALUES ('2965', '99', '175', null);
INSERT INTO `job_menu` VALUES ('2966', '99', '176', null);
INSERT INTO `job_menu` VALUES ('2868', '99', '177', null);
INSERT INTO `job_menu` VALUES ('2870', '99', '178', null);
INSERT INTO `job_menu` VALUES ('2962', '99', '179', null);
INSERT INTO `job_menu` VALUES ('2963', '99', '180', null);
INSERT INTO `job_menu` VALUES ('2968', '99', '181', null);
INSERT INTO `job_menu` VALUES ('2969', '99', '182', null);
INSERT INTO `job_menu` VALUES ('2970', '99', '183', null);
INSERT INTO `job_menu` VALUES ('2971', '99', '184', null);
INSERT INTO `job_menu` VALUES ('2972', '99', '185', null);
INSERT INTO `job_menu` VALUES ('2973', '99', '186', null);
INSERT INTO `job_menu` VALUES ('2974', '99', '187', null);
INSERT INTO `job_menu` VALUES ('2975', '99', '188', null);
INSERT INTO `job_menu` VALUES ('2976', '99', '189', null);
INSERT INTO `job_menu` VALUES ('2977', '99', '190', null);
INSERT INTO `job_menu` VALUES ('2981', '99', '190', '21');
INSERT INTO `job_menu` VALUES ('2926', '99', '191', null);
INSERT INTO `job_menu` VALUES ('2925', '99', '192', null);
INSERT INTO `job_menu` VALUES ('2960', '99', '193', null);
INSERT INTO `job_menu` VALUES ('2978', '99', '195', null);
INSERT INTO `job_menu` VALUES ('2979', '99', '196', null);
INSERT INTO `job_menu` VALUES ('2980', '99', '197', null);
INSERT INTO `job_menu` VALUES ('2961', '99', '198', null);
INSERT INTO `job_menu` VALUES ('2959', '99', '199', null);
INSERT INTO `job_menu` VALUES ('2986', '99', '201', null);
INSERT INTO `job_menu` VALUES ('2987', '99', '202', null);
INSERT INTO `job_menu` VALUES ('2982', '99', '203', null);
INSERT INTO `job_menu` VALUES ('2988', '99', '204', null);
INSERT INTO `job_menu` VALUES ('3032', '99', '204', '21');
INSERT INTO `job_menu` VALUES ('2989', '99', '205', null);
INSERT INTO `job_menu` VALUES ('3033', '99', '205', '155');
INSERT INTO `job_menu` VALUES ('2990', '99', '206', null);
INSERT INTO `job_menu` VALUES ('3031', '99', '206', '21');
INSERT INTO `job_menu` VALUES ('4080', '99', '206', '155');
INSERT INTO `job_menu` VALUES ('2983', '99', '207', null);
INSERT INTO `job_menu` VALUES ('3020', '99', '207', '72');
INSERT INTO `job_menu` VALUES ('3021', '99', '207', '73');
INSERT INTO `job_menu` VALUES ('3022', '99', '207', '74');
INSERT INTO `job_menu` VALUES ('3023', '99', '207', '77');
INSERT INTO `job_menu` VALUES ('3024', '99', '207', '83');
INSERT INTO `job_menu` VALUES ('3025', '99', '207', '91');
INSERT INTO `job_menu` VALUES ('3026', '99', '207', '155');
INSERT INTO `job_menu` VALUES ('3027', '99', '207', '156');
INSERT INTO `job_menu` VALUES ('2984', '99', '208', null);
INSERT INTO `job_menu` VALUES ('2985', '99', '209', null);
INSERT INTO `job_menu` VALUES ('3028', '99', '209', '79');
INSERT INTO `job_menu` VALUES ('3029', '99', '209', '80');
INSERT INTO `job_menu` VALUES ('3030', '99', '209', '81');
INSERT INTO `job_menu` VALUES ('3008', '99', '210', null);
INSERT INTO `job_menu` VALUES ('3035', '99', '210', '157');
INSERT INTO `job_menu` VALUES ('3036', '99', '210', '158');
INSERT INTO `job_menu` VALUES ('3037', '99', '210', '159');
INSERT INTO `job_menu` VALUES ('3038', '99', '210', '160');
INSERT INTO `job_menu` VALUES ('4065', '99', '210', '172');
INSERT INTO `job_menu` VALUES ('4066', '99', '210', '173');
INSERT INTO `job_menu` VALUES ('4067', '99', '210', '174');
INSERT INTO `job_menu` VALUES ('4068', '99', '210', '175');
INSERT INTO `job_menu` VALUES ('3009', '99', '211', null);
INSERT INTO `job_menu` VALUES ('3011', '99', '212', null);
INSERT INTO `job_menu` VALUES ('3010', '99', '213', null);
INSERT INTO `job_menu` VALUES ('250', '100', '2', null);
INSERT INTO `job_menu` VALUES ('249', '100', '3', null);
INSERT INTO `job_menu` VALUES ('251', '102', '18', null);
INSERT INTO `job_menu` VALUES ('487', '103', '5', null);
INSERT INTO `job_menu` VALUES ('490', '103', '6', null);
INSERT INTO `job_menu` VALUES ('489', '103', '7', null);
INSERT INTO `job_menu` VALUES ('488', '103', '8', null);
INSERT INTO `job_menu` VALUES ('74', '104', '1', null);
INSERT INTO `job_menu` VALUES ('75', '104', '2', null);
INSERT INTO `job_menu` VALUES ('76', '104', '3', null);
INSERT INTO `job_menu` VALUES ('77', '104', '4', null);
INSERT INTO `job_menu` VALUES ('78', '104', '5', null);
INSERT INTO `job_menu` VALUES ('1246', '104', '6', null);
INSERT INTO `job_menu` VALUES ('80', '104', '7', null);
INSERT INTO `job_menu` VALUES ('1748', '104', '7', '21');
INSERT INTO `job_menu` VALUES ('1750', '104', '7', '22');
INSERT INTO `job_menu` VALUES ('1749', '104', '7', '23');
INSERT INTO `job_menu` VALUES ('471', '104', '8', null);
INSERT INTO `job_menu` VALUES ('523', '104', '9', null);
INSERT INTO `job_menu` VALUES ('472', '104', '10', null);
INSERT INTO `job_menu` VALUES ('473', '104', '11', null);
INSERT INTO `job_menu` VALUES ('474', '104', '12', null);
INSERT INTO `job_menu` VALUES ('1762', '104', '12', '21');
INSERT INTO `job_menu` VALUES ('476', '104', '14', null);
INSERT INTO `job_menu` VALUES ('477', '104', '15', null);
INSERT INTO `job_menu` VALUES ('1751', '104', '15', '21');
INSERT INTO `job_menu` VALUES ('1752', '104', '15', '24');
INSERT INTO `job_menu` VALUES ('1753', '104', '15', '25');
INSERT INTO `job_menu` VALUES ('1754', '104', '15', '28');
INSERT INTO `job_menu` VALUES ('1755', '104', '15', '29');
INSERT INTO `job_menu` VALUES ('1756', '104', '15', '30');
INSERT INTO `job_menu` VALUES ('1757', '104', '15', '31');
INSERT INTO `job_menu` VALUES ('1708', '104', '16', null);
INSERT INTO `job_menu` VALUES ('1710', '104', '16', '21');
INSERT INTO `job_menu` VALUES ('1711', '104', '16', '24');
INSERT INTO `job_menu` VALUES ('1712', '104', '16', '25');
INSERT INTO `job_menu` VALUES ('1713', '104', '16', '28');
INSERT INTO `job_menu` VALUES ('1714', '104', '16', '31');
INSERT INTO `job_menu` VALUES ('478', '104', '17', null);
INSERT INTO `job_menu` VALUES ('1758', '104', '17', '21');
INSERT INTO `job_menu` VALUES ('1759', '104', '17', '24');
INSERT INTO `job_menu` VALUES ('1760', '104', '17', '25');
INSERT INTO `job_menu` VALUES ('1761', '104', '17', '28');
INSERT INTO `job_menu` VALUES ('480', '104', '18', null);
INSERT INTO `job_menu` VALUES ('481', '104', '19', null);
INSERT INTO `job_menu` VALUES ('482', '104', '20', null);
INSERT INTO `job_menu` VALUES ('1763', '104', '20', '21');
INSERT INTO `job_menu` VALUES ('1764', '104', '20', '23');
INSERT INTO `job_menu` VALUES ('1226', '104', '66', null);
INSERT INTO `job_menu` VALUES ('1709', '104', '66', '21');
INSERT INTO `job_menu` VALUES ('1227', '104', '67', null);
INSERT INTO `job_menu` VALUES ('1228', '104', '68', null);
INSERT INTO `job_menu` VALUES ('1288', '104', '77', null);
INSERT INTO `job_menu` VALUES ('1448', '104', '113', null);
INSERT INTO `job_menu` VALUES ('1706', '104', '115', null);
INSERT INTO `job_menu` VALUES ('1707', '104', '116', null);
INSERT INTO `job_menu` VALUES ('2329', '104', '118', null);
INSERT INTO `job_menu` VALUES ('2330', '104', '119', null);
INSERT INTO `job_menu` VALUES ('2331', '104', '122', null);
INSERT INTO `job_menu` VALUES ('2332', '104', '123', null);
INSERT INTO `job_menu` VALUES ('2338', '104', '124', null);
INSERT INTO `job_menu` VALUES ('2333', '104', '125', null);
INSERT INTO `job_menu` VALUES ('2334', '104', '126', null);
INSERT INTO `job_menu` VALUES ('2335', '104', '127', null);
INSERT INTO `job_menu` VALUES ('2339', '104', '128', null);
INSERT INTO `job_menu` VALUES ('2731', '104', '128', '72');
INSERT INTO `job_menu` VALUES ('2733', '104', '128', '73');
INSERT INTO `job_menu` VALUES ('2734', '104', '128', '74');
INSERT INTO `job_menu` VALUES ('2735', '104', '128', '75');
INSERT INTO `job_menu` VALUES ('2736', '104', '128', '76');
INSERT INTO `job_menu` VALUES ('2340', '104', '129', null);
INSERT INTO `job_menu` VALUES ('2341', '104', '130', null);
INSERT INTO `job_menu` VALUES ('2336', '104', '131', null);
INSERT INTO `job_menu` VALUES ('2337', '104', '132', null);
INSERT INTO `job_menu` VALUES ('2343', '104', '133', null);
INSERT INTO `job_menu` VALUES ('2344', '104', '135', null);
INSERT INTO `job_menu` VALUES ('2345', '104', '136', null);
INSERT INTO `job_menu` VALUES ('2355', '104', '136', '21');
INSERT INTO `job_menu` VALUES ('2354', '104', '136', '46');
INSERT INTO `job_menu` VALUES ('2346', '104', '137', null);
INSERT INTO `job_menu` VALUES ('2356', '104', '137', '21');
INSERT INTO `job_menu` VALUES ('2357', '104', '137', '46');
INSERT INTO `job_menu` VALUES ('2347', '104', '138', null);
INSERT INTO `job_menu` VALUES ('2348', '104', '139', null);
INSERT INTO `job_menu` VALUES ('2349', '104', '140', null);
INSERT INTO `job_menu` VALUES ('2352', '104', '142', null);
INSERT INTO `job_menu` VALUES ('2353', '104', '143', null);
INSERT INTO `job_menu` VALUES ('2342', '104', '144', null);
INSERT INTO `job_menu` VALUES ('2350', '104', '145', null);
INSERT INTO `job_menu` VALUES ('2351', '104', '146', null);
INSERT INTO `job_menu` VALUES ('2737', '104', '147', null);
INSERT INTO `job_menu` VALUES ('2738', '104', '148', null);
INSERT INTO `job_menu` VALUES ('2739', '104', '149', null);
INSERT INTO `job_menu` VALUES ('2740', '104', '150', null);
INSERT INTO `job_menu` VALUES ('2741', '104', '151', null);
INSERT INTO `job_menu` VALUES ('2742', '104', '156', null);
INSERT INTO `job_menu` VALUES ('1164', '105', '1', null);
INSERT INTO `job_menu` VALUES ('2134', '105', '1', '2');
INSERT INTO `job_menu` VALUES ('1166', '105', '2', null);
INSERT INTO `job_menu` VALUES ('911', '105', '3', null);
INSERT INTO `job_menu` VALUES ('1061', '105', '4', null);
INSERT INTO `job_menu` VALUES ('916', '105', '5', null);
INSERT INTO `job_menu` VALUES ('1127', '105', '6', null);
INSERT INTO `job_menu` VALUES ('1028', '105', '7', null);
INSERT INTO `job_menu` VALUES ('1328', '105', '7', '2');
INSERT INTO `job_menu` VALUES ('1501', '105', '7', '21');
INSERT INTO `job_menu` VALUES ('1535', '105', '7', '22');
INSERT INTO `job_menu` VALUES ('1538', '105', '7', '23');
INSERT INTO `job_menu` VALUES ('1537', '105', '7', '24');
INSERT INTO `job_menu` VALUES ('1539', '105', '7', '25');
INSERT INTO `job_menu` VALUES ('1540', '105', '7', '28');
INSERT INTO `job_menu` VALUES ('1029', '105', '8', null);
INSERT INTO `job_menu` VALUES ('1502', '105', '8', '23');
INSERT INTO `job_menu` VALUES ('1128', '105', '10', null);
INSERT INTO `job_menu` VALUES ('1503', '105', '10', '21');
INSERT INTO `job_menu` VALUES ('1129', '105', '11', null);
INSERT INTO `job_menu` VALUES ('1444', '105', '11', '21');
INSERT INTO `job_menu` VALUES ('1130', '105', '12', null);
INSERT INTO `job_menu` VALUES ('3100', '105', '12', '21');
INSERT INTO `job_menu` VALUES ('925', '105', '14', null);
INSERT INTO `job_menu` VALUES ('923', '105', '15', null);
INSERT INTO `job_menu` VALUES ('2122', '105', '15', '21');
INSERT INTO `job_menu` VALUES ('1508', '105', '15', '22');
INSERT INTO `job_menu` VALUES ('1509', '105', '15', '23');
INSERT INTO `job_menu` VALUES ('1510', '105', '15', '24');
INSERT INTO `job_menu` VALUES ('1511', '105', '15', '25');
INSERT INTO `job_menu` VALUES ('1512', '105', '15', '28');
INSERT INTO `job_menu` VALUES ('1523', '105', '15', '29');
INSERT INTO `job_menu` VALUES ('1524', '105', '15', '30');
INSERT INTO `job_menu` VALUES ('1525', '105', '15', '31');
INSERT INTO `job_menu` VALUES ('2115', '105', '15', '45');
INSERT INTO `job_menu` VALUES ('924', '105', '16', null);
INSERT INTO `job_menu` VALUES ('1773', '105', '16', '21');
INSERT INTO `job_menu` VALUES ('1516', '105', '16', '24');
INSERT INTO `job_menu` VALUES ('1517', '105', '16', '25');
INSERT INTO `job_menu` VALUES ('1518', '105', '16', '28');
INSERT INTO `job_menu` VALUES ('1521', '105', '16', '31');
INSERT INTO `job_menu` VALUES ('926', '105', '17', null);
INSERT INTO `job_menu` VALUES ('1526', '105', '17', '21');
INSERT INTO `job_menu` VALUES ('1527', '105', '17', '22');
INSERT INTO `job_menu` VALUES ('1528', '105', '17', '23');
INSERT INTO `job_menu` VALUES ('1529', '105', '17', '24');
INSERT INTO `job_menu` VALUES ('1530', '105', '17', '25');
INSERT INTO `job_menu` VALUES ('1531', '105', '17', '28');
INSERT INTO `job_menu` VALUES ('1532', '105', '17', '29');
INSERT INTO `job_menu` VALUES ('1533', '105', '17', '30');
INSERT INTO `job_menu` VALUES ('1534', '105', '17', '31');
INSERT INTO `job_menu` VALUES ('928', '105', '18', null);
INSERT INTO `job_menu` VALUES ('927', '105', '19', null);
INSERT INTO `job_menu` VALUES ('929', '105', '20', null);
INSERT INTO `job_menu` VALUES ('2130', '105', '20', '21');
INSERT INTO `job_menu` VALUES ('2129', '105', '20', '23');
INSERT INTO `job_menu` VALUES ('2109', '105', '20', '44');
INSERT INTO `job_menu` VALUES ('2164', '105', '20', '47');
INSERT INTO `job_menu` VALUES ('1124', '105', '62', null);
INSERT INTO `job_menu` VALUES ('1126', '105', '66', null);
INSERT INTO `job_menu` VALUES ('3102', '105', '66', '21');
INSERT INTO `job_menu` VALUES ('1403', '105', '67', null);
INSERT INTO `job_menu` VALUES ('1694', '105', '67', '21');
INSERT INTO `job_menu` VALUES ('1404', '105', '68', null);
INSERT INTO `job_menu` VALUES ('1506', '105', '68', '21');
INSERT INTO `job_menu` VALUES ('1330', '105', '77', null);
INSERT INTO `job_menu` VALUES ('1393', '105', '78', null);
INSERT INTO `job_menu` VALUES ('1394', '105', '79', null);
INSERT INTO `job_menu` VALUES ('1395', '105', '80', null);
INSERT INTO `job_menu` VALUES ('1396', '105', '81', null);
INSERT INTO `job_menu` VALUES ('1397', '105', '82', null);
INSERT INTO `job_menu` VALUES ('1398', '105', '83', null);
INSERT INTO `job_menu` VALUES ('1399', '105', '92', null);
INSERT INTO `job_menu` VALUES ('1391', '105', '103', null);
INSERT INTO `job_menu` VALUES ('1392', '105', '103', '15');
INSERT INTO `job_menu` VALUES ('1421', '105', '113', null);
INSERT INTO `job_menu` VALUES ('1497', '105', '115', null);
INSERT INTO `job_menu` VALUES ('2123', '105', '115', '21');
INSERT INTO `job_menu` VALUES ('2124', '105', '115', '23');
INSERT INTO `job_menu` VALUES ('2125', '105', '115', '44');
INSERT INTO `job_menu` VALUES ('2165', '105', '115', '47');
INSERT INTO `job_menu` VALUES ('1498', '105', '116', null);
INSERT INTO `job_menu` VALUES ('2131', '105', '116', '21');
INSERT INTO `job_menu` VALUES ('2132', '105', '116', '23');
INSERT INTO `job_menu` VALUES ('2133', '105', '116', '44');
INSERT INTO `job_menu` VALUES ('2166', '105', '116', '47');
INSERT INTO `job_menu` VALUES ('2001', '105', '117', null);
INSERT INTO `job_menu` VALUES ('2025', '105', '118', null);
INSERT INTO `job_menu` VALUES ('2062', '105', '119', null);
INSERT INTO `job_menu` VALUES ('2114', '105', '120', null);
INSERT INTO `job_menu` VALUES ('2117', '105', '120', '21');
INSERT INTO `job_menu` VALUES ('2116', '105', '120', '22');
INSERT INTO `job_menu` VALUES ('2118', '105', '120', '23');
INSERT INTO `job_menu` VALUES ('2119', '105', '120', '24');
INSERT INTO `job_menu` VALUES ('2153', '105', '122', null);
INSERT INTO `job_menu` VALUES ('2154', '105', '123', null);
INSERT INTO `job_menu` VALUES ('2160', '105', '124', null);
INSERT INTO `job_menu` VALUES ('2155', '105', '125', null);
INSERT INTO `job_menu` VALUES ('2185', '105', '125', '21');
INSERT INTO `job_menu` VALUES ('2157', '105', '126', null);
INSERT INTO `job_menu` VALUES ('2168', '105', '126', '21');
INSERT INTO `job_menu` VALUES ('2169', '105', '126', '22');
INSERT INTO `job_menu` VALUES ('2170', '105', '126', '23');
INSERT INTO `job_menu` VALUES ('2171', '105', '126', '24');
INSERT INTO `job_menu` VALUES ('2172', '105', '126', '25');
INSERT INTO `job_menu` VALUES ('2173', '105', '126', '28');
INSERT INTO `job_menu` VALUES ('2174', '105', '126', '29');
INSERT INTO `job_menu` VALUES ('2180', '105', '126', '30');
INSERT INTO `job_menu` VALUES ('2178', '105', '126', '31');
INSERT INTO `job_menu` VALUES ('2179', '105', '126', '44');
INSERT INTO `job_menu` VALUES ('2177', '105', '126', '45');
INSERT INTO `job_menu` VALUES ('2176', '105', '126', '46');
INSERT INTO `job_menu` VALUES ('2175', '105', '126', '47');
INSERT INTO `job_menu` VALUES ('2156', '105', '127', null);
INSERT INTO `job_menu` VALUES ('2257', '105', '127', '21');
INSERT INTO `job_menu` VALUES ('2258', '105', '127', '22');
INSERT INTO `job_menu` VALUES ('2264', '105', '127', '23');
INSERT INTO `job_menu` VALUES ('2265', '105', '127', '24');
INSERT INTO `job_menu` VALUES ('2263', '105', '127', '25');
INSERT INTO `job_menu` VALUES ('2262', '105', '127', '28');
INSERT INTO `job_menu` VALUES ('2266', '105', '127', '29');
INSERT INTO `job_menu` VALUES ('2267', '105', '127', '30');
INSERT INTO `job_menu` VALUES ('2272', '105', '127', '31');
INSERT INTO `job_menu` VALUES ('2269', '105', '127', '44');
INSERT INTO `job_menu` VALUES ('2270', '105', '127', '45');
INSERT INTO `job_menu` VALUES ('2271', '105', '127', '46');
INSERT INTO `job_menu` VALUES ('2273', '105', '127', '47');
INSERT INTO `job_menu` VALUES ('2918', '105', '127', '155');
INSERT INTO `job_menu` VALUES ('2161', '105', '128', null);
INSERT INTO `job_menu` VALUES ('2760', '105', '128', '21');
INSERT INTO `job_menu` VALUES ('2762', '105', '128', '23');
INSERT INTO `job_menu` VALUES ('2764', '105', '128', '72');
INSERT INTO `job_menu` VALUES ('2766', '105', '128', '73');
INSERT INTO `job_menu` VALUES ('2767', '105', '128', '74');
INSERT INTO `job_menu` VALUES ('2768', '105', '128', '75');
INSERT INTO `job_menu` VALUES ('2761', '105', '128', '76');
INSERT INTO `job_menu` VALUES ('2763', '105', '128', '77');
INSERT INTO `job_menu` VALUES ('2765', '105', '128', '78');
INSERT INTO `job_menu` VALUES ('2788', '105', '128', '83');
INSERT INTO `job_menu` VALUES ('2789', '105', '128', '84');
INSERT INTO `job_menu` VALUES ('2871', '105', '128', '91');
INSERT INTO `job_menu` VALUES ('2919', '105', '128', '156');
INSERT INTO `job_menu` VALUES ('2162', '105', '129', null);
INSERT INTO `job_menu` VALUES ('2163', '105', '130', null);
INSERT INTO `job_menu` VALUES ('2756', '105', '130', '21');
INSERT INTO `job_menu` VALUES ('2891', '105', '130', '79');
INSERT INTO `job_menu` VALUES ('2892', '105', '130', '80');
INSERT INTO `job_menu` VALUES ('2893', '105', '130', '81');
INSERT INTO `job_menu` VALUES ('2158', '105', '131', null);
INSERT INTO `job_menu` VALUES ('2159', '105', '132', null);
INSERT INTO `job_menu` VALUES ('2274', '105', '133', null);
INSERT INTO `job_menu` VALUES ('2275', '105', '135', null);
INSERT INTO `job_menu` VALUES ('2276', '105', '136', null);
INSERT INTO `job_menu` VALUES ('2303', '105', '136', '21');
INSERT INTO `job_menu` VALUES ('2277', '105', '137', null);
INSERT INTO `job_menu` VALUES ('2304', '105', '137', '21');
INSERT INTO `job_menu` VALUES ('2278', '105', '138', null);
INSERT INTO `job_menu` VALUES ('2280', '105', '139', null);
INSERT INTO `job_menu` VALUES ('2874', '105', '139', '90');
INSERT INTO `job_menu` VALUES ('2279', '105', '140', null);
INSERT INTO `job_menu` VALUES ('2321', '105', '142', null);
INSERT INTO `job_menu` VALUES ('2322', '105', '143', null);
INSERT INTO `job_menu` VALUES ('2363', '105', '144', null);
INSERT INTO `job_menu` VALUES ('2452', '105', '145', null);
INSERT INTO `job_menu` VALUES ('2901', '105', '145', '95');
INSERT INTO `job_menu` VALUES ('2902', '105', '145', '96');
INSERT INTO `job_menu` VALUES ('2903', '105', '145', '97');
INSERT INTO `job_menu` VALUES ('2904', '105', '145', '98');
INSERT INTO `job_menu` VALUES ('2453', '105', '146', null);
INSERT INTO `job_menu` VALUES ('2915', '105', '146', '154');
INSERT INTO `job_menu` VALUES ('2454', '105', '147', null);
INSERT INTO `job_menu` VALUES ('2455', '105', '148', null);
INSERT INTO `job_menu` VALUES ('2458', '105', '149', null);
INSERT INTO `job_menu` VALUES ('2456', '105', '150', null);
INSERT INTO `job_menu` VALUES ('2457', '105', '151', null);
INSERT INTO `job_menu` VALUES ('2362', '105', '152', null);
INSERT INTO `job_menu` VALUES ('2383', '105', '152', '21');
INSERT INTO `job_menu` VALUES ('2916', '105', '152', '46');
INSERT INTO `job_menu` VALUES ('2917', '105', '152', '155');
INSERT INTO `job_menu` VALUES ('2661', '105', '155', null);
INSERT INTO `job_menu` VALUES ('2715', '105', '156', null);
INSERT INTO `job_menu` VALUES ('2744', '105', '160', null);
INSERT INTO `job_menu` VALUES ('2769', '105', '163', null);
INSERT INTO `job_menu` VALUES ('2770', '105', '164', null);
INSERT INTO `job_menu` VALUES ('2771', '105', '165', null);
INSERT INTO `job_menu` VALUES ('2772', '105', '166', null);
INSERT INTO `job_menu` VALUES ('2858', '105', '170', null);
INSERT INTO `job_menu` VALUES ('2864', '105', '174', null);
INSERT INTO `job_menu` VALUES ('2865', '105', '175', null);
INSERT INTO `job_menu` VALUES ('2866', '105', '176', null);
INSERT INTO `job_menu` VALUES ('2873', '105', '177', null);
INSERT INTO `job_menu` VALUES ('2872', '105', '178', null);
INSERT INTO `job_menu` VALUES ('2894', '105', '179', null);
INSERT INTO `job_menu` VALUES ('2895', '105', '180', null);
INSERT INTO `job_menu` VALUES ('2896', '105', '181', null);
INSERT INTO `job_menu` VALUES ('2897', '105', '182', null);
INSERT INTO `job_menu` VALUES ('2898', '105', '182', null);
INSERT INTO `job_menu` VALUES ('2899', '105', '183', null);
INSERT INTO `job_menu` VALUES ('2900', '105', '184', null);
INSERT INTO `job_menu` VALUES ('2905', '105', '185', null);
INSERT INTO `job_menu` VALUES ('2906', '105', '186', null);
INSERT INTO `job_menu` VALUES ('2907', '105', '186', null);
INSERT INTO `job_menu` VALUES ('2908', '105', '187', null);
INSERT INTO `job_menu` VALUES ('2909', '105', '188', null);
INSERT INTO `job_menu` VALUES ('2910', '105', '188', null);
INSERT INTO `job_menu` VALUES ('2911', '105', '189', null);
INSERT INTO `job_menu` VALUES ('2912', '105', '189', null);
INSERT INTO `job_menu` VALUES ('2913', '105', '190', null);
INSERT INTO `job_menu` VALUES ('2914', '105', '190', null);
INSERT INTO `job_menu` VALUES ('2949', '105', '191', null);
INSERT INTO `job_menu` VALUES ('2948', '105', '192', null);
INSERT INTO `job_menu` VALUES ('2954', '105', '195', null);
INSERT INTO `job_menu` VALUES ('2955', '105', '196', null);
INSERT INTO `job_menu` VALUES ('2956', '105', '197', null);
INSERT INTO `job_menu` VALUES ('2957', '105', '199', null);
INSERT INTO `job_menu` VALUES ('2958', '105', '199', null);
INSERT INTO `job_menu` VALUES ('3103', '105', '199', '21');
INSERT INTO `job_menu` VALUES ('3099', '105', '199', '161');
INSERT INTO `job_menu` VALUES ('3106', '105', '199', '162');
INSERT INTO `job_menu` VALUES ('3107', '105', '199', '163');
INSERT INTO `job_menu` VALUES ('4064', '105', '199', '170');
INSERT INTO `job_menu` VALUES ('4063', '105', '199', '171');
INSERT INTO `job_menu` VALUES ('2999', '105', '201', null);
INSERT INTO `job_menu` VALUES ('3000', '105', '202', null);
INSERT INTO `job_menu` VALUES ('3004', '105', '203', null);
INSERT INTO `job_menu` VALUES ('3001', '105', '204', null);
INSERT INTO `job_menu` VALUES ('3094', '105', '204', '21');
INSERT INTO `job_menu` VALUES ('3002', '105', '205', null);
INSERT INTO `job_menu` VALUES ('3093', '105', '205', '155');
INSERT INTO `job_menu` VALUES ('3003', '105', '206', null);
INSERT INTO `job_menu` VALUES ('3095', '105', '206', '21');
INSERT INTO `job_menu` VALUES ('4060', '105', '206', '155');
INSERT INTO `job_menu` VALUES ('3005', '105', '207', null);
INSERT INTO `job_menu` VALUES ('4069', '105', '207', '72');
INSERT INTO `job_menu` VALUES ('4071', '105', '207', '73');
INSERT INTO `job_menu` VALUES ('4073', '105', '207', '74');
INSERT INTO `job_menu` VALUES ('4074', '105', '207', '77');
INSERT INTO `job_menu` VALUES ('4075', '105', '207', '83');
INSERT INTO `job_menu` VALUES ('4076', '105', '207', '91');
INSERT INTO `job_menu` VALUES ('4070', '105', '207', '155');
INSERT INTO `job_menu` VALUES ('4072', '105', '207', '156');
INSERT INTO `job_menu` VALUES ('3006', '105', '208', null);
INSERT INTO `job_menu` VALUES ('3007', '105', '209', null);
INSERT INTO `job_menu` VALUES ('3018', '105', '210', null);
INSERT INTO `job_menu` VALUES ('3019', '105', '210', null);
INSERT INTO `job_menu` VALUES ('3012', '105', '211', null);
INSERT INTO `job_menu` VALUES ('3013', '105', '211', null);
INSERT INTO `job_menu` VALUES ('3016', '105', '212', null);
INSERT INTO `job_menu` VALUES ('3017', '105', '212', null);
INSERT INTO `job_menu` VALUES ('3014', '105', '213', null);
INSERT INTO `job_menu` VALUES ('3015', '105', '213', null);
INSERT INTO `job_menu` VALUES ('3041', '105', '214', null);
INSERT INTO `job_menu` VALUES ('4087', '105', '216', null);
INSERT INTO `job_menu` VALUES ('4084', '105', '219', null);
INSERT INTO `job_menu` VALUES ('4085', '105', '220', null);
INSERT INTO `job_menu` VALUES ('4088', '105', '221', null);
INSERT INTO `job_menu` VALUES ('4089', '105', '222', null);
INSERT INTO `job_menu` VALUES ('1073', '108', '1', null);
INSERT INTO `job_menu` VALUES ('1074', '108', '2', null);
INSERT INTO `job_menu` VALUES ('1075', '108', '41', null);
INSERT INTO `job_menu` VALUES ('1076', '108', '42', null);
INSERT INTO `job_menu` VALUES ('1236', '111', '2', null);
INSERT INTO `job_menu` VALUES ('1237', '111', '3', null);
INSERT INTO `job_menu` VALUES ('1232', '111', '4', null);
INSERT INTO `job_menu` VALUES ('1183', '111', '5', null);
INSERT INTO `job_menu` VALUES ('1116', '111', '6', null);
INSERT INTO `job_menu` VALUES ('1111', '111', '7', null);
INSERT INTO `job_menu` VALUES ('1112', '111', '8', null);
INSERT INTO `job_menu` VALUES ('1113', '111', '10', null);
INSERT INTO `job_menu` VALUES ('1114', '111', '11', null);
INSERT INTO `job_menu` VALUES ('1115', '111', '12', null);
INSERT INTO `job_menu` VALUES ('1117', '111', '14', null);
INSERT INTO `job_menu` VALUES ('1118', '111', '15', null);
INSERT INTO `job_menu` VALUES ('1119', '111', '16', null);
INSERT INTO `job_menu` VALUES ('1120', '111', '17', null);
INSERT INTO `job_menu` VALUES ('1121', '111', '18', null);
INSERT INTO `job_menu` VALUES ('1122', '111', '19', null);
INSERT INTO `job_menu` VALUES ('1123', '111', '20', null);
INSERT INTO `job_menu` VALUES ('1181', '111', '65', null);
INSERT INTO `job_menu` VALUES ('1238', '111', '66', null);
INSERT INTO `job_menu` VALUES ('1915', '117', '5', null);
INSERT INTO `job_menu` VALUES ('1919', '117', '14', null);
INSERT INTO `job_menu` VALUES ('1842', '117', '15', null);
INSERT INTO `job_menu` VALUES ('1843', '117', '15', '21');
INSERT INTO `job_menu` VALUES ('1844', '117', '15', '30');
INSERT INTO `job_menu` VALUES ('1850', '117', '20', null);
INSERT INTO `job_menu` VALUES ('1851', '117', '20', '21');
INSERT INTO `job_menu` VALUES ('1852', '117', '20', '23');
INSERT INTO `job_menu` VALUES ('1853', '117', '20', '44');
INSERT INTO `job_menu` VALUES ('1304', '118', '1', null);
INSERT INTO `job_menu` VALUES ('1305', '118', '2', null);
INSERT INTO `job_menu` VALUES ('1306', '118', '3', null);
INSERT INTO `job_menu` VALUES ('1307', '118', '4', null);
INSERT INTO `job_menu` VALUES ('1311', '118', '5', null);
INSERT INTO `job_menu` VALUES ('1312', '118', '6', null);
INSERT INTO `job_menu` VALUES ('1313', '118', '7', null);
INSERT INTO `job_menu` VALUES ('1315', '118', '8', null);
INSERT INTO `job_menu` VALUES ('1314', '118', '10', null);
INSERT INTO `job_menu` VALUES ('1316', '118', '11', null);
INSERT INTO `job_menu` VALUES ('1317', '118', '12', null);
INSERT INTO `job_menu` VALUES ('1784', '118', '12', '21');
INSERT INTO `job_menu` VALUES ('1321', '118', '14', null);
INSERT INTO `job_menu` VALUES ('1322', '118', '15', null);
INSERT INTO `job_menu` VALUES ('1777', '118', '15', '21');
INSERT INTO `job_menu` VALUES ('1778', '118', '15', '24');
INSERT INTO `job_menu` VALUES ('1779', '118', '15', '25');
INSERT INTO `job_menu` VALUES ('1780', '118', '15', '28');
INSERT INTO `job_menu` VALUES ('1781', '118', '15', '29');
INSERT INTO `job_menu` VALUES ('1782', '118', '15', '30');
INSERT INTO `job_menu` VALUES ('1783', '118', '15', '31');
INSERT INTO `job_menu` VALUES ('1323', '118', '16', null);
INSERT INTO `job_menu` VALUES ('1825', '118', '16', '21');
INSERT INTO `job_menu` VALUES ('1826', '118', '16', '24');
INSERT INTO `job_menu` VALUES ('1827', '118', '16', '25');
INSERT INTO `job_menu` VALUES ('1828', '118', '16', '28');
INSERT INTO `job_menu` VALUES ('1829', '118', '16', '31');
INSERT INTO `job_menu` VALUES ('1324', '118', '17', null);
INSERT INTO `job_menu` VALUES ('1325', '118', '20', null);
INSERT INTO `job_menu` VALUES ('1830', '118', '20', '21');
INSERT INTO `job_menu` VALUES ('1831', '118', '20', '23');
INSERT INTO `job_menu` VALUES ('1318', '118', '66', null);
INSERT INTO `job_menu` VALUES ('1319', '118', '67', null);
INSERT INTO `job_menu` VALUES ('2009', '118', '67', '21');
INSERT INTO `job_menu` VALUES ('1320', '118', '68', null);
INSERT INTO `job_menu` VALUES ('1308', '118', '77', null);
INSERT INTO `job_menu` VALUES ('1456', '118', '77', '33');
INSERT INTO `job_menu` VALUES ('1309', '118', '78', null);
INSERT INTO `job_menu` VALUES ('1774', '118', '113', null);
INSERT INTO `job_menu` VALUES ('1775', '118', '115', null);
INSERT INTO `job_menu` VALUES ('1776', '118', '116', null);
INSERT INTO `job_menu` VALUES ('2008', '118', '117', null);
INSERT INTO `job_menu` VALUES ('2063', '118', '119', null);
INSERT INTO `job_menu` VALUES ('2522', '118', '122', null);
INSERT INTO `job_menu` VALUES ('2523', '118', '123', null);
INSERT INTO `job_menu` VALUES ('2530', '118', '124', null);
INSERT INTO `job_menu` VALUES ('2524', '118', '125', null);
INSERT INTO `job_menu` VALUES ('2525', '118', '126', null);
INSERT INTO `job_menu` VALUES ('2526', '118', '127', null);
INSERT INTO `job_menu` VALUES ('2531', '118', '128', null);
INSERT INTO `job_menu` VALUES ('2532', '118', '129', null);
INSERT INTO `job_menu` VALUES ('2533', '118', '130', null);
INSERT INTO `job_menu` VALUES ('2527', '118', '131', null);
INSERT INTO `job_menu` VALUES ('2528', '118', '132', null);
INSERT INTO `job_menu` VALUES ('2535', '118', '133', null);
INSERT INTO `job_menu` VALUES ('2536', '118', '135', null);
INSERT INTO `job_menu` VALUES ('2537', '118', '136', null);
INSERT INTO `job_menu` VALUES ('2538', '118', '137', null);
INSERT INTO `job_menu` VALUES ('2539', '118', '138', null);
INSERT INTO `job_menu` VALUES ('2540', '118', '139', null);
INSERT INTO `job_menu` VALUES ('2541', '118', '140', null);
INSERT INTO `job_menu` VALUES ('2549', '118', '142', null);
INSERT INTO `job_menu` VALUES ('2550', '118', '143', null);
INSERT INTO `job_menu` VALUES ('2534', '118', '144', null);
INSERT INTO `job_menu` VALUES ('2542', '118', '145', null);
INSERT INTO `job_menu` VALUES ('2543', '118', '146', null);
INSERT INTO `job_menu` VALUES ('2544', '118', '147', null);
INSERT INTO `job_menu` VALUES ('2545', '118', '148', null);
INSERT INTO `job_menu` VALUES ('2546', '118', '149', null);
INSERT INTO `job_menu` VALUES ('2547', '118', '150', null);
INSERT INTO `job_menu` VALUES ('2548', '118', '151', null);
INSERT INTO `job_menu` VALUES ('2529', '118', '152', null);
INSERT INTO `job_menu` VALUES ('1765', '120', '1', null);
INSERT INTO `job_menu` VALUES ('1766', '120', '2', null);
INSERT INTO `job_menu` VALUES ('1767', '120', '5', null);
INSERT INTO `job_menu` VALUES ('1770', '120', '14', null);
INSERT INTO `job_menu` VALUES ('1769', '120', '15', null);
INSERT INTO `job_menu` VALUES ('1970', '120', '15', '21');
INSERT INTO `job_menu` VALUES ('1971', '120', '15', '24');
INSERT INTO `job_menu` VALUES ('1972', '120', '15', '25');
INSERT INTO `job_menu` VALUES ('1973', '120', '15', '28');
INSERT INTO `job_menu` VALUES ('1974', '120', '15', '29');
INSERT INTO `job_menu` VALUES ('1975', '120', '15', '30');
INSERT INTO `job_menu` VALUES ('1976', '120', '15', '31');
INSERT INTO `job_menu` VALUES ('1977', '120', '16', null);
INSERT INTO `job_menu` VALUES ('1978', '120', '16', '21');
INSERT INTO `job_menu` VALUES ('1979', '120', '16', '24');
INSERT INTO `job_menu` VALUES ('1980', '120', '16', '25');
INSERT INTO `job_menu` VALUES ('1981', '120', '16', '28');
INSERT INTO `job_menu` VALUES ('1982', '120', '16', '31');
INSERT INTO `job_menu` VALUES ('1768', '120', '17', null);
INSERT INTO `job_menu` VALUES ('1983', '120', '17', '21');
INSERT INTO `job_menu` VALUES ('1984', '120', '17', '24');
INSERT INTO `job_menu` VALUES ('1985', '120', '17', '25');
INSERT INTO `job_menu` VALUES ('1986', '120', '17', '28');
INSERT INTO `job_menu` VALUES ('1700', '120', '20', null);
INSERT INTO `job_menu` VALUES ('1987', '120', '20', '21');
INSERT INTO `job_menu` VALUES ('1988', '120', '20', '23');
INSERT INTO `job_menu` VALUES ('1989', '120', '20', '44');
INSERT INTO `job_menu` VALUES ('1701', '120', '115', null);
INSERT INTO `job_menu` VALUES ('1990', '120', '115', '21');
INSERT INTO `job_menu` VALUES ('1991', '120', '115', '23');
INSERT INTO `job_menu` VALUES ('1992', '120', '115', '44');
INSERT INTO `job_menu` VALUES ('1702', '120', '116', null);
INSERT INTO `job_menu` VALUES ('1771', '120', '116', '21');
INSERT INTO `job_menu` VALUES ('1993', '120', '116', '23');
INSERT INTO `job_menu` VALUES ('1994', '120', '116', '44');
INSERT INTO `job_menu` VALUES ('1914', '121', '5', null);
INSERT INTO `job_menu` VALUES ('1918', '121', '14', null);
INSERT INTO `job_menu` VALUES ('1839', '121', '15', null);
INSERT INTO `job_menu` VALUES ('1840', '121', '15', '21');
INSERT INTO `job_menu` VALUES ('1899', '121', '15', '25');
INSERT INTO `job_menu` VALUES ('1841', '121', '15', '30');
INSERT INTO `job_menu` VALUES ('1854', '121', '20', null);
INSERT INTO `job_menu` VALUES ('1855', '121', '20', '21');
INSERT INTO `job_menu` VALUES ('1856', '121', '20', '23');
INSERT INTO `job_menu` VALUES ('1857', '121', '20', '44');
INSERT INTO `job_menu` VALUES ('1333', '122', '1', null);
INSERT INTO `job_menu` VALUES ('1334', '122', '2', null);
INSERT INTO `job_menu` VALUES ('1335', '122', '3', null);
INSERT INTO `job_menu` VALUES ('1336', '122', '4', null);
INSERT INTO `job_menu` VALUES ('1592', '122', '5', null);
INSERT INTO `job_menu` VALUES ('1593', '122', '6', null);
INSERT INTO `job_menu` VALUES ('1594', '122', '7', null);
INSERT INTO `job_menu` VALUES ('1595', '122', '8', null);
INSERT INTO `job_menu` VALUES ('1597', '122', '10', null);
INSERT INTO `job_menu` VALUES ('1596', '122', '11', null);
INSERT INTO `job_menu` VALUES ('1598', '122', '12', null);
INSERT INTO `job_menu` VALUES ('1602', '122', '14', null);
INSERT INTO `job_menu` VALUES ('1603', '122', '15', null);
INSERT INTO `job_menu` VALUES ('1604', '122', '16', null);
INSERT INTO `job_menu` VALUES ('1605', '122', '17', null);
INSERT INTO `job_menu` VALUES ('1606', '122', '20', null);
INSERT INTO `job_menu` VALUES ('1599', '122', '66', null);
INSERT INTO `job_menu` VALUES ('1600', '122', '67', null);
INSERT INTO `job_menu` VALUES ('1601', '122', '68', null);
INSERT INTO `job_menu` VALUES ('1337', '122', '77', null);
INSERT INTO `job_menu` VALUES ('1591', '122', '113', null);
INSERT INTO `job_menu` VALUES ('1608', '122', '115', null);
INSERT INTO `job_menu` VALUES ('1607', '122', '116', null);
INSERT INTO `job_menu` VALUES ('1338', '127', '1', null);
INSERT INTO `job_menu` VALUES ('1339', '127', '2', null);
INSERT INTO `job_menu` VALUES ('1340', '127', '3', null);
INSERT INTO `job_menu` VALUES ('1341', '127', '4', null);
INSERT INTO `job_menu` VALUES ('1348', '127', '5', null);
INSERT INTO `job_menu` VALUES ('1349', '127', '6', null);
INSERT INTO `job_menu` VALUES ('1351', '127', '7', null);
INSERT INTO `job_menu` VALUES ('1612', '127', '7', '21');
INSERT INTO `job_menu` VALUES ('1613', '127', '7', '22');
INSERT INTO `job_menu` VALUES ('1614', '127', '7', '23');
INSERT INTO `job_menu` VALUES ('1350', '127', '8', null);
INSERT INTO `job_menu` VALUES ('1620', '127', '8', '23');
INSERT INTO `job_menu` VALUES ('1352', '127', '10', null);
INSERT INTO `job_menu` VALUES ('1621', '127', '10', '21');
INSERT INTO `job_menu` VALUES ('1353', '127', '11', null);
INSERT INTO `job_menu` VALUES ('1625', '127', '11', '21');
INSERT INTO `job_menu` VALUES ('1354', '127', '12', null);
INSERT INTO `job_menu` VALUES ('1623', '127', '12', '21');
INSERT INTO `job_menu` VALUES ('1358', '127', '14', null);
INSERT INTO `job_menu` VALUES ('1359', '127', '15', null);
INSERT INTO `job_menu` VALUES ('1637', '127', '15', '21');
INSERT INTO `job_menu` VALUES ('1638', '127', '15', '24');
INSERT INTO `job_menu` VALUES ('1639', '127', '15', '25');
INSERT INTO `job_menu` VALUES ('1641', '127', '15', '28');
INSERT INTO `job_menu` VALUES ('1642', '127', '15', '29');
INSERT INTO `job_menu` VALUES ('1643', '127', '15', '30');
INSERT INTO `job_menu` VALUES ('1644', '127', '15', '31');
INSERT INTO `job_menu` VALUES ('1360', '127', '16', null);
INSERT INTO `job_menu` VALUES ('1648', '127', '16', '21');
INSERT INTO `job_menu` VALUES ('1649', '127', '16', '24');
INSERT INTO `job_menu` VALUES ('1651', '127', '16', '25');
INSERT INTO `job_menu` VALUES ('1652', '127', '16', '28');
INSERT INTO `job_menu` VALUES ('1653', '127', '16', '29');
INSERT INTO `job_menu` VALUES ('1654', '127', '16', '30');
INSERT INTO `job_menu` VALUES ('1655', '127', '16', '31');
INSERT INTO `job_menu` VALUES ('1361', '127', '17', null);
INSERT INTO `job_menu` VALUES ('1656', '127', '17', '21');
INSERT INTO `job_menu` VALUES ('2082', '127', '17', '22');
INSERT INTO `job_menu` VALUES ('2083', '127', '17', '23');
INSERT INTO `job_menu` VALUES ('1657', '127', '17', '24');
INSERT INTO `job_menu` VALUES ('1658', '127', '17', '25');
INSERT INTO `job_menu` VALUES ('1659', '127', '17', '28');
INSERT INTO `job_menu` VALUES ('1660', '127', '17', '29');
INSERT INTO `job_menu` VALUES ('1662', '127', '17', '30');
INSERT INTO `job_menu` VALUES ('1663', '127', '17', '31');
INSERT INTO `job_menu` VALUES ('1362', '127', '20', null);
INSERT INTO `job_menu` VALUES ('1667', '127', '20', '21');
INSERT INTO `job_menu` VALUES ('1668', '127', '20', '23');
INSERT INTO `job_menu` VALUES ('2084', '127', '20', '44');
INSERT INTO `job_menu` VALUES ('1355', '127', '66', null);
INSERT INTO `job_menu` VALUES ('1629', '127', '66', '21');
INSERT INTO `job_menu` VALUES ('1356', '127', '67', null);
INSERT INTO `job_menu` VALUES ('1632', '127', '67', '21');
INSERT INTO `job_menu` VALUES ('1357', '127', '68', null);
INSERT INTO `job_menu` VALUES ('1634', '127', '68', '21');
INSERT INTO `job_menu` VALUES ('1342', '127', '77', null);
INSERT INTO `job_menu` VALUES ('1590', '127', '113', null);
INSERT INTO `job_menu` VALUES ('1588', '127', '115', null);
INSERT INTO `job_menu` VALUES ('2079', '127', '115', '21');
INSERT INTO `job_menu` VALUES ('2080', '127', '115', '23');
INSERT INTO `job_menu` VALUES ('2081', '127', '115', '44');
INSERT INTO `job_menu` VALUES ('1589', '127', '116', null);
INSERT INTO `job_menu` VALUES ('2074', '127', '116', '21');
INSERT INTO `job_menu` VALUES ('2075', '127', '116', '23');
INSERT INTO `job_menu` VALUES ('2078', '127', '116', '44');
INSERT INTO `job_menu` VALUES ('2077', '127', '117', null);
INSERT INTO `job_menu` VALUES ('2135', '127', '119', null);
INSERT INTO `job_menu` VALUES ('1373', '128', '103', null);
INSERT INTO `job_menu` VALUES ('1418', '129', '103', '15');
INSERT INTO `job_menu` VALUES ('1419', '129', '103', '17');
INSERT INTO `job_menu` VALUES ('1250', '130', '1', null);
INSERT INTO `job_menu` VALUES ('1249', '130', '2', null);
INSERT INTO `job_menu` VALUES ('1251', '130', '3', null);
INSERT INTO `job_menu` VALUES ('1252', '130', '4', null);
INSERT INTO `job_menu` VALUES ('1261', '130', '6', null);
INSERT INTO `job_menu` VALUES ('1255', '130', '7', null);
INSERT INTO `job_menu` VALUES ('1256', '130', '8', null);
INSERT INTO `job_menu` VALUES ('1375', '130', '103', '12');
INSERT INTO `job_menu` VALUES ('1376', '130', '103', '15');
INSERT INTO `job_menu` VALUES ('1417', '130', '107', '5');
INSERT INTO `job_menu` VALUES ('1257', '131', '1', null);
INSERT INTO `job_menu` VALUES ('1258', '131', '2', null);
INSERT INTO `job_menu` VALUES ('1259', '131', '3', null);
INSERT INTO `job_menu` VALUES ('1260', '131', '4', null);
INSERT INTO `job_menu` VALUES ('1388', '131', '103', '12');
INSERT INTO `job_menu` VALUES ('1414', '131', '103', '15');
INSERT INTO `job_menu` VALUES ('1416', '131', '107', '5');
INSERT INTO `job_menu` VALUES ('1415', '131', '108', '17');
INSERT INTO `job_menu` VALUES ('1413', '132', '81', null);
INSERT INTO `job_menu` VALUES ('1412', '132', '82', null);
INSERT INTO `job_menu` VALUES ('1445', '133', '2', '32');
INSERT INTO `job_menu` VALUES ('1374', '133', '103', null);
INSERT INTO `job_menu` VALUES ('1380', '133', '103', '12');
INSERT INTO `job_menu` VALUES ('1379', '133', '103', '15');
INSERT INTO `job_menu` VALUES ('2462', '142', '1', null);
INSERT INTO `job_menu` VALUES ('2464', '142', '2', null);
INSERT INTO `job_menu` VALUES ('2465', '142', '3', null);
INSERT INTO `job_menu` VALUES ('2466', '142', '4', null);
INSERT INTO `job_menu` VALUES ('2463', '142', '5', null);
INSERT INTO `job_menu` VALUES ('2470', '142', '6', null);
INSERT INTO `job_menu` VALUES ('2471', '142', '7', null);
INSERT INTO `job_menu` VALUES ('2472', '142', '8', null);
INSERT INTO `job_menu` VALUES ('2473', '142', '10', null);
INSERT INTO `job_menu` VALUES ('2474', '142', '11', null);
INSERT INTO `job_menu` VALUES ('2475', '142', '12', null);
INSERT INTO `job_menu` VALUES ('2501', '142', '12', '21');
INSERT INTO `job_menu` VALUES ('2480', '142', '14', null);
INSERT INTO `job_menu` VALUES ('2481', '142', '15', null);
INSERT INTO `job_menu` VALUES ('2493', '142', '15', '21');
INSERT INTO `job_menu` VALUES ('2494', '142', '15', '24');
INSERT INTO `job_menu` VALUES ('2495', '142', '15', '25');
INSERT INTO `job_menu` VALUES ('2496', '142', '15', '28');
INSERT INTO `job_menu` VALUES ('2497', '142', '15', '29');
INSERT INTO `job_menu` VALUES ('2498', '142', '15', '30');
INSERT INTO `job_menu` VALUES ('2499', '142', '15', '31');
INSERT INTO `job_menu` VALUES ('2500', '142', '15', '45');
INSERT INTO `job_menu` VALUES ('2482', '142', '16', null);
INSERT INTO `job_menu` VALUES ('2502', '142', '16', '21');
INSERT INTO `job_menu` VALUES ('2503', '142', '16', '24');
INSERT INTO `job_menu` VALUES ('2504', '142', '16', '25');
INSERT INTO `job_menu` VALUES ('2505', '142', '16', '28');
INSERT INTO `job_menu` VALUES ('2506', '142', '16', '31');
INSERT INTO `job_menu` VALUES ('2483', '142', '17', null);
INSERT INTO `job_menu` VALUES ('2519', '142', '17', '21');
INSERT INTO `job_menu` VALUES ('2520', '142', '17', '24');
INSERT INTO `job_menu` VALUES ('2521', '142', '17', '45');
INSERT INTO `job_menu` VALUES ('2484', '142', '20', null);
INSERT INTO `job_menu` VALUES ('2511', '142', '20', '21');
INSERT INTO `job_menu` VALUES ('2512', '142', '20', '23');
INSERT INTO `job_menu` VALUES ('2513', '142', '20', '44');
INSERT INTO `job_menu` VALUES ('2514', '142', '20', '47');
INSERT INTO `job_menu` VALUES ('2476', '142', '66', null);
INSERT INTO `job_menu` VALUES ('2477', '142', '67', null);
INSERT INTO `job_menu` VALUES ('2478', '142', '68', null);
INSERT INTO `job_menu` VALUES ('2467', '142', '77', null);
INSERT INTO `job_menu` VALUES ('2468', '142', '113', null);
INSERT INTO `job_menu` VALUES ('2485', '142', '115', null);
INSERT INTO `job_menu` VALUES ('2515', '142', '115', '21');
INSERT INTO `job_menu` VALUES ('2516', '142', '115', '23');
INSERT INTO `job_menu` VALUES ('2517', '142', '115', '44');
INSERT INTO `job_menu` VALUES ('2518', '142', '115', '47');
INSERT INTO `job_menu` VALUES ('2486', '142', '116', null);
INSERT INTO `job_menu` VALUES ('2507', '142', '116', '21');
INSERT INTO `job_menu` VALUES ('2508', '142', '116', '23');
INSERT INTO `job_menu` VALUES ('2509', '142', '116', '44');
INSERT INTO `job_menu` VALUES ('2510', '142', '116', '47');
INSERT INTO `job_menu` VALUES ('2487', '142', '117', null);
INSERT INTO `job_menu` VALUES ('2469', '142', '118', null);
INSERT INTO `job_menu` VALUES ('2479', '142', '119', null);
INSERT INTO `job_menu` VALUES ('2790', '180', '1', null);
INSERT INTO `job_menu` VALUES ('2791', '180', '2', null);
INSERT INTO `job_menu` VALUES ('2792', '180', '3', null);
INSERT INTO `job_menu` VALUES ('2795', '180', '4', null);
INSERT INTO `job_menu` VALUES ('2807', '180', '5', null);
INSERT INTO `job_menu` VALUES ('2806', '180', '6', null);
INSERT INTO `job_menu` VALUES ('2797', '180', '7', null);
INSERT INTO `job_menu` VALUES ('2798', '180', '8', null);
INSERT INTO `job_menu` VALUES ('2799', '180', '10', null);
INSERT INTO `job_menu` VALUES ('4082', '180', '10', '21');
INSERT INTO `job_menu` VALUES ('2800', '180', '11', null);
INSERT INTO `job_menu` VALUES ('2801', '180', '12', null);
INSERT INTO `job_menu` VALUES ('2808', '180', '14', null);
INSERT INTO `job_menu` VALUES ('2809', '180', '15', null);
INSERT INTO `job_menu` VALUES ('2810', '180', '16', null);
INSERT INTO `job_menu` VALUES ('2811', '180', '17', null);
INSERT INTO `job_menu` VALUES ('2812', '180', '20', null);
INSERT INTO `job_menu` VALUES ('2802', '180', '66', null);
INSERT INTO `job_menu` VALUES ('2803', '180', '67', null);
INSERT INTO `job_menu` VALUES ('2804', '180', '68', null);
INSERT INTO `job_menu` VALUES ('2793', '180', '113', null);
INSERT INTO `job_menu` VALUES ('2813', '180', '115', null);
INSERT INTO `job_menu` VALUES ('2814', '180', '116', null);
INSERT INTO `job_menu` VALUES ('2952', '180', '116', '44');
INSERT INTO `job_menu` VALUES ('2953', '180', '116', '47');
INSERT INTO `job_menu` VALUES ('2815', '180', '117', null);
INSERT INTO `job_menu` VALUES ('3046', '180', '119', null);
INSERT INTO `job_menu` VALUES ('3047', '180', '119', null);
INSERT INTO `job_menu` VALUES ('2817', '180', '122', null);
INSERT INTO `job_menu` VALUES ('2818', '180', '123', null);
INSERT INTO `job_menu` VALUES ('2823', '180', '124', null);
INSERT INTO `job_menu` VALUES ('2819', '180', '126', null);
INSERT INTO `job_menu` VALUES ('2820', '180', '127', null);
INSERT INTO `job_menu` VALUES ('2824', '180', '128', null);
INSERT INTO `job_menu` VALUES ('2825', '180', '129', null);
INSERT INTO `job_menu` VALUES ('2826', '180', '130', null);
INSERT INTO `job_menu` VALUES ('2821', '180', '131', null);
INSERT INTO `job_menu` VALUES ('2828', '180', '133', null);
INSERT INTO `job_menu` VALUES ('2829', '180', '135', null);
INSERT INTO `job_menu` VALUES ('2830', '180', '136', null);
INSERT INTO `job_menu` VALUES ('2831', '180', '137', null);
INSERT INTO `job_menu` VALUES ('2832', '180', '138', null);
INSERT INTO `job_menu` VALUES ('2833', '180', '139', null);
INSERT INTO `job_menu` VALUES ('2834', '180', '140', null);
INSERT INTO `job_menu` VALUES ('2827', '180', '144', null);
INSERT INTO `job_menu` VALUES ('2835', '180', '145', null);
INSERT INTO `job_menu` VALUES ('2836', '180', '146', null);
INSERT INTO `job_menu` VALUES ('2837', '180', '147', null);
INSERT INTO `job_menu` VALUES ('2838', '180', '148', null);
INSERT INTO `job_menu` VALUES ('2839', '180', '149', null);
INSERT INTO `job_menu` VALUES ('2840', '180', '150', null);
INSERT INTO `job_menu` VALUES ('2841', '180', '151', null);
INSERT INTO `job_menu` VALUES ('2822', '180', '152', null);
INSERT INTO `job_menu` VALUES ('2794', '180', '155', null);
INSERT INTO `job_menu` VALUES ('2842', '180', '156', null);
INSERT INTO `job_menu` VALUES ('2796', '180', '159', null);
INSERT INTO `job_menu` VALUES ('2843', '180', '160', null);
INSERT INTO `job_menu` VALUES ('2844', '180', '163', null);
INSERT INTO `job_menu` VALUES ('2845', '180', '164', null);
INSERT INTO `job_menu` VALUES ('2846', '180', '165', null);
INSERT INTO `job_menu` VALUES ('2847', '180', '166', null);
INSERT INTO `job_menu` VALUES ('2848', '180', '167', null);
INSERT INTO `job_menu` VALUES ('3044', '180', '199', null);
INSERT INTO `job_menu` VALUES ('3045', '180', '199', null);
INSERT INTO `job_menu` VALUES ('3042', '180', '215', null);
INSERT INTO `job_menu` VALUES ('3043', '180', '215', null);
INSERT INTO `job_menu` VALUES ('4091', '180', '215', '167');
INSERT INTO `job_menu` VALUES ('4092', '180', '215', '168');
INSERT INTO `job_menu` VALUES ('4090', '180', '215', '169');
INSERT INTO `job_menu` VALUES ('3048', '180', '216', null);
INSERT INTO `job_menu` VALUES ('4083', '180', '218', null);
INSERT INTO `job_menu` VALUES ('4086', '180', '221', null);
INSERT INTO `job_menu` VALUES ('2388', '182', '1', null);
INSERT INTO `job_menu` VALUES ('2389', '182', '2', null);
INSERT INTO `job_menu` VALUES ('2390', '182', '3', null);
INSERT INTO `job_menu` VALUES ('2391', '182', '4', null);
INSERT INTO `job_menu` VALUES ('2395', '182', '5', null);
INSERT INTO `job_menu` VALUES ('2396', '182', '6', null);
INSERT INTO `job_menu` VALUES ('2397', '182', '7', null);
INSERT INTO `job_menu` VALUES ('2398', '182', '8', null);
INSERT INTO `job_menu` VALUES ('2399', '182', '10', null);
INSERT INTO `job_menu` VALUES ('2400', '182', '11', null);
INSERT INTO `job_menu` VALUES ('2401', '182', '12', null);
INSERT INTO `job_menu` VALUES ('2402', '182', '66', null);
INSERT INTO `job_menu` VALUES ('2403', '182', '67', null);
INSERT INTO `job_menu` VALUES ('2404', '182', '68', null);
INSERT INTO `job_menu` VALUES ('2392', '182', '77', null);
INSERT INTO `job_menu` VALUES ('2393', '182', '113', null);
INSERT INTO `job_menu` VALUES ('2394', '182', '118', null);
INSERT INTO `job_menu` VALUES ('2405', '182', '119', null);
INSERT INTO `job_menu` VALUES ('2230', '184', '7', null);
INSERT INTO `job_menu` VALUES ('2662', '200', '155', null);
INSERT INTO `job_menu` VALUES ('2631', '205', '135', null);
INSERT INTO `job_menu` VALUES ('2632', '205', '136', null);
INSERT INTO `job_menu` VALUES ('2633', '205', '137', null);
INSERT INTO `job_menu` VALUES ('2639', '206', '113', '29');
INSERT INTO `job_menu` VALUES ('2638', '206', '113', '30');
INSERT INTO `job_menu` VALUES ('2634', '206', '113', '31');
INSERT INTO `job_menu` VALUES ('2655', '208', '77', null);
INSERT INTO `job_menu` VALUES ('2626', '209', '7', '21');
INSERT INTO `job_menu` VALUES ('2625', '209', '7', '22');
INSERT INTO `job_menu` VALUES ('2624', '209', '7', '23');
INSERT INTO `job_menu` VALUES ('2613', '211', '1', null);
INSERT INTO `job_menu` VALUES ('2714', '211', '2', null);
INSERT INTO `job_menu` VALUES ('2745', '211', '3', null);
INSERT INTO `job_menu` VALUES ('2747', '211', '4', null);
INSERT INTO `job_menu` VALUES ('2666', '211', '5', null);
INSERT INTO `job_menu` VALUES ('2667', '211', '6', null);
INSERT INTO `job_menu` VALUES ('2660', '211', '7', null);
INSERT INTO `job_menu` VALUES ('2697', '211', '7', '21');
INSERT INTO `job_menu` VALUES ('2698', '211', '7', '22');
INSERT INTO `job_menu` VALUES ('2699', '211', '7', '23');
INSERT INTO `job_menu` VALUES ('2668', '211', '8', null);
INSERT INTO `job_menu` VALUES ('2700', '211', '8', '23');
INSERT INTO `job_menu` VALUES ('2663', '211', '10', null);
INSERT INTO `job_menu` VALUES ('2669', '211', '11', null);
INSERT INTO `job_menu` VALUES ('2673', '211', '11', '21');
INSERT INTO `job_menu` VALUES ('2670', '211', '12', null);
INSERT INTO `job_menu` VALUES ('2672', '211', '12', '21');
INSERT INTO `job_menu` VALUES ('2701', '211', '15', '24');
INSERT INTO `job_menu` VALUES ('2702', '211', '15', '25');
INSERT INTO `job_menu` VALUES ('2703', '211', '15', '45');
INSERT INTO `job_menu` VALUES ('2704', '211', '16', '24');
INSERT INTO `job_menu` VALUES ('2705', '211', '16', '28');
INSERT INTO `job_menu` VALUES ('2707', '211', '17', '21');
INSERT INTO `job_menu` VALUES ('2706', '211', '17', '45');
INSERT INTO `job_menu` VALUES ('2709', '211', '20', '21');
INSERT INTO `job_menu` VALUES ('2708', '211', '20', '23');
INSERT INTO `job_menu` VALUES ('2671', '211', '66', null);
INSERT INTO `job_menu` VALUES ('2674', '211', '66', '21');
INSERT INTO `job_menu` VALUES ('2675', '211', '67', '21');
INSERT INTO `job_menu` VALUES ('2656', '211', '77', null);
INSERT INTO `job_menu` VALUES ('2657', '211', '77', '21');
INSERT INTO `job_menu` VALUES ('2664', '211', '113', null);
INSERT INTO `job_menu` VALUES ('2710', '211', '115', '21');
INSERT INTO `job_menu` VALUES ('2711', '211', '115', '23');
INSERT INTO `job_menu` VALUES ('2712', '211', '115', '44');
INSERT INTO `job_menu` VALUES ('2713', '211', '115', '47');
INSERT INTO `job_menu` VALUES ('2682', '211', '136', null);
INSERT INTO `job_menu` VALUES ('2676', '211', '136', '21');
INSERT INTO `job_menu` VALUES ('2677', '211', '136', '23');
INSERT INTO `job_menu` VALUES ('2678', '211', '136', '46');
INSERT INTO `job_menu` VALUES ('2681', '211', '137', null);
INSERT INTO `job_menu` VALUES ('2679', '211', '137', '21');
INSERT INTO `job_menu` VALUES ('2680', '211', '137', '46');
INSERT INTO `job_menu` VALUES ('2687', '211', '138', null);
INSERT INTO `job_menu` VALUES ('2683', '211', '139', null);
INSERT INTO `job_menu` VALUES ('2684', '211', '140', null);
INSERT INTO `job_menu` VALUES ('2688', '211', '142', null);
INSERT INTO `job_menu` VALUES ('2689', '211', '142', null);
INSERT INTO `job_menu` VALUES ('2690', '211', '143', null);
INSERT INTO `job_menu` VALUES ('2691', '211', '143', null);
INSERT INTO `job_menu` VALUES ('2685', '211', '145', null);
INSERT INTO `job_menu` VALUES ('2686', '211', '146', null);
INSERT INTO `job_menu` VALUES ('2692', '211', '154', null);
INSERT INTO `job_menu` VALUES ('2693', '211', '154', null);
INSERT INTO `job_menu` VALUES ('2665', '211', '155', null);
INSERT INTO `job_menu` VALUES ('2743', '211', '160', null);
INSERT INTO `job_menu` VALUES ('2856', '229', '7', '22');
INSERT INTO `job_menu` VALUES ('2857', '229', '7', '23');
INSERT INTO `job_menu` VALUES ('2855', '229', '8', '23');
INSERT INTO `job_menu` VALUES ('2878', '230', '2', null);
INSERT INTO `job_menu` VALUES ('2877', '230', '3', null);
INSERT INTO `job_menu` VALUES ('2876', '230', '4', null);
INSERT INTO `job_menu` VALUES ('2996', '230', '7', null);
INSERT INTO `job_menu` VALUES ('2997', '230', '11', null);
INSERT INTO `job_menu` VALUES ('3040', '230', '11', '47');
INSERT INTO `job_menu` VALUES ('2998', '230', '12', null);
INSERT INTO `job_menu` VALUES ('2875', '230', '113', null);
INSERT INTO `job_menu` VALUES ('2863', '230', '155', null);

-- ----------------------------
-- Table structure for menu
-- ----------------------------
DROP TABLE IF EXISTS `menu`;
CREATE TABLE `menu` (
  `id` int(11) NOT NULL AUTO_INCREMENT,
  `create_at` datetime NOT NULL DEFAULT CURRENT_TIMESTAMP,
  `update_at` timestamp NOT NULL DEFAULT CURRENT_TIMESTAMP ON UPDATE CURRENT_TIMESTAMP,
  `name` varchar(255) NOT NULL COMMENT '菜单名称',
  `keyword` varchar(255) NOT NULL COMMENT '关键字，不允许重复',
  `parent_id` int(11) NOT NULL DEFAULT '0' COMMENT '父级编号，默认0，表示顶级菜单',
  `url` varchar(255) DEFAULT NULL,
  `remark` varchar(255) DEFAULT NULL COMMENT '备注',
  `is_show` tinyint(4) DEFAULT '1' COMMENT '是否在菜单中展现，1:显示，0：隐藏',
  `icon` varchar(255) DEFAULT NULL,
  `sort` decimal(10,0) DEFAULT NULL COMMENT '排序',
  `status` char(1) DEFAULT '1' COMMENT '是否有效，1：有效。0：无效',
  `no` varchar(255) NOT NULL COMMENT '编号',
  PRIMARY KEY (`id`),
  UNIQUE KEY `keyword` (`keyword`,`status`) USING BTREE,
  UNIQUE KEY `no` (`no`,`status`) USING BTREE,
  KEY `parent_id` (`parent_id`) USING BTREE,
  KEY `status` (`status`) USING BTREE
) ENGINE=InnoDB AUTO_INCREMENT=223 DEFAULT CHARSET=utf8 COMMENT='菜单表';

-- ----------------------------
-- Records of menu
-- ----------------------------
INSERT INTO `menu` VALUES ('1', '2017-08-19 17:54:57', '2018-01-03 16:04:00', '用户中心', 'admin', '0', '#', '', '1', '', '1', '1', '01');
INSERT INTO `menu` VALUES ('2', '2017-12-04 10:59:16', '2017-12-04 11:23:31', '部门列表', 'admin.department', '1', '/admin/department', null, '1', null, '10', '1', '0102');
INSERT INTO `menu` VALUES ('3', '2017-08-19 17:56:22', '2017-12-04 10:14:55', '职位管理', 'admin.job', '1', '/admin/job', '', '1', null, '20', '1', '0101');
INSERT INTO `menu` VALUES ('4', '2017-08-19 17:56:56', '2017-08-25 11:55:29', '菜单管理', 'admin.menu', '1', '/admin/menu', '菜单管理', '1', 'dns', '30', '1', '0103');
INSERT INTO `menu` VALUES ('5', '2017-08-19 17:57:19', '2018-01-03 16:04:00', '产品中心', 'product', '0', '#', '产品中心', '1', null, '2', '1', '02');
INSERT INTO `menu` VALUES ('6', '2017-08-19 17:58:05', '2017-12-04 09:39:55', '基础设置', 'product.base', '5', '#', '基础设置', '1', null, '10', '1', '0201');
INSERT INTO `menu` VALUES ('7', '2017-08-19 17:58:30', '2017-12-04 10:00:18', '品类管理', 'product.base.category', '6', '/product/base/category', '品类管理', '1', 'dashboard', '10', '1', '020101');
INSERT INTO `menu` VALUES ('8', '2017-08-19 17:59:23', '2017-12-04 10:00:25', '属性管理', 'product.base.attribute', '6', '/product/base/attribute', '属性管理', '1', 'list', '20', '1', '020102');
INSERT INTO `menu` VALUES ('10', '2017-08-19 18:00:16', '2017-12-04 10:00:31', '国家设置', 'product.base.country', '6', '/product/base/country', '国家设置', '1', 'airplanemode_active', '40', '1', '020104');
INSERT INTO `menu` VALUES ('11', '2017-08-19 18:00:42', '2017-12-04 10:00:38', '语言设置', 'product.base.lang', '6', '/product/base/language', '语言设置', '1', 'rate_review', '50', '1', '020105');
INSERT INTO `menu` VALUES ('12', '2017-08-19 18:01:15', '2017-12-04 10:00:47', '用户与一级品类关系', 'product.base.categoryUserRel.list', '6', '/product/base/categoryUserRel', '用户与一级品类关系', '1', 'list', '60', '1', '020106');
INSERT INTO `menu` VALUES ('14', '2017-08-19 18:02:34', '2017-12-04 09:40:20', '产品管理', 'product.product', '5', '#', '产品管理', '1', null, '20', '1', '0202');
INSERT INTO `menu` VALUES ('15', '2017-08-19 18:02:49', '2017-12-09 10:55:33', '新品管理（广告）', 'product.product.productNew.adList', '14', '/product/manage/new_ad', '广告专员查看自己的产品的列表', '1', 'notifications_none', '10', '1', '020201');
INSERT INTO `menu` VALUES ('16', '2017-08-19 18:05:48', '2017-12-20 10:29:25', '新品排重（排重）', 'product.product.productNew.checkList', '14', '/product/manage/new_check', 'yk.jb', '1', null, '23', '1', '020202');
INSERT INTO `menu` VALUES ('17', '2017-08-19 18:06:19', '2017-12-09 10:55:14', '新品审批（主管）', 'product.product.productNew.approveList', '14', '/product/manage/new_approve', '广告专员对重复商品提起审批要求后，会进入此列表，排重人员可以再这个列表对提起审批要求的数据进行审批通过或者不通过', '1', 'notifications_active', '30', '1', '020203');
INSERT INTO `menu` VALUES ('20', '2017-08-19 18:08:23', '2017-12-04 10:01:14', '产品列表(广告)', 'product.product.product.list', '14', '/product/manage/product_list', '具有相应数据权限的人可以看到的列表', '1', 'star', '60', '1', '020206');
INSERT INTO `menu` VALUES ('66', '2017-09-03 18:29:40', '2017-12-04 10:01:21', '币种设置', 'product.base.currency', '6', '/product/base/currency', '币种设置', '1', 'attach_money', '70', '1', '020107');
INSERT INTO `menu` VALUES ('67', '2017-09-04 10:30:55', '2017-12-04 10:01:30', '区域设置', 'product.base.zone', '6', '/product/base/zone', '', '1', 'local_taxi', null, '1', '020108');
INSERT INTO `menu` VALUES ('68', '2017-09-04 15:29:29', '2017-12-04 10:01:39', '敏感词设置', 'product.base.sensitivewords', '6', '/product/base/sensitiveWord', '', '1', 'block', null, '1', '020109');
INSERT INTO `menu` VALUES ('113', '2017-09-14 16:17:47', '2017-09-14 16:25:01', '元素管理', 'admin.element', '1', '/admin/element', '元素管理', '1', 'play_circle_filled', null, '1', '0105');
INSERT INTO `menu` VALUES ('115', '2017-09-18 19:33:57', '2017-12-04 10:09:06', '产品列表（主管助理）', 'product.product.product.assistant.list', '14', '/product/manage/supervisor_assistant', '', '1', 'account_box', '62', '1', '020207');
INSERT INTO `menu` VALUES ('116', '2017-09-18 19:35:32', '2017-12-04 10:09:14', '产品列表', 'product.product.product.dev.list', '14', '/product/manage/dev_list', '', '1', 'android', '65', '1', '020208');
INSERT INTO `menu` VALUES ('117', '2017-10-08 16:40:38', '2018-01-02 19:44:27', '产品细化分类1', 'product.product.product.waitAssign', '14', '/product/manage/waitAssign', '', '1', 'account_balance', '100', '1', '020209');
INSERT INTO `menu` VALUES ('119', '2017-10-23 09:07:18', '2017-12-04 10:09:25', '部门与地区的关系', 'product.base.departmentZoneRel.list', '6', '/product/base/departmentZoneRel', '', '1', 'dns', null, '1', '02010a');
INSERT INTO `menu` VALUES ('133', '2017-11-03 10:57:08', '2018-01-03 16:04:00', '采购中心', 'purchase', '0', '#', '采购中心', '1', 'card_travel', '4', '1', '04');
INSERT INTO `menu` VALUES ('135', '2017-11-03 11:07:15', '2017-11-03 11:07:15', '基础设置', 'purchase.base', '133', '#', null, '1', 'build', null, '1', '0402');
INSERT INTO `menu` VALUES ('136', '2017-11-03 11:12:47', '2017-12-04 10:10:58', '采购与产品设置', 'purchase.base.userProductRel.list', '135', '/purchase/base/userProductRel', null, '1', 'important_devices', null, '1', '040201');
INSERT INTO `menu` VALUES ('137', '2017-11-03 11:14:45', '2017-12-04 10:11:04', '采购与事业部设置', 'purchase.base.userBuDeptRel.list', '135', '/purchase/base/userBuDeptRel', null, '1', 'rowing', null, '1', '040202');
INSERT INTO `menu` VALUES ('138', '2017-11-03 11:16:32', '2017-11-03 11:16:32', '采购管理', 'purchase.manage', '133', '#', null, '1', 'all_out', null, '1', '0403');
INSERT INTO `menu` VALUES ('139', '2017-11-03 11:17:58', '2017-12-04 10:11:09', '采购需求', 'purchase.manage.required.list', '138', '/purchase/manage/required', null, '1', 'hourglass_full', null, '1', '040301');
INSERT INTO `menu` VALUES ('140', '2017-11-03 11:20:17', '2017-12-04 10:11:20', '采购退货管理', 'purchase.manage.reject.list', '138', '/purchase/manage/returned', '', '1', 'remove_shopping_cart', null, '1', '040302');
INSERT INTO `menu` VALUES ('145', '2017-11-13 16:46:35', '2017-12-04 10:11:32', '采购单管理', 'purchase.manage.purchase', '138', '/purchase/manage/purchase', '', '1', 'payment', '10', '1', '040303');
INSERT INTO `menu` VALUES ('146', '2017-11-13 16:52:43', '2017-12-04 10:11:36', '采购明细管理', 'purchase.manage.purchaseItem.list', '138', '/purchase/manage/purchaseItem', '', '1', 'card_travel', null, '1', '040304');
INSERT INTO `menu` VALUES ('147', '2017-11-14 08:55:56', '2018-01-03 16:04:00', '仓储中心', 'store', '0', '#', '', '1', null, '5', '1', '05');
INSERT INTO `menu` VALUES ('148', '2017-11-14 08:58:47', '2017-12-21 15:48:19', '库存报表', 'store.inventory.list', '147', '/store/inventory', '', '1', null, '4', '1', '0504');
INSERT INTO `menu` VALUES ('149', '2017-11-14 09:03:45', '2017-12-29 11:26:16', '进销存报表', 'store.invoicing.list', '147', '/store/invoicing', '', '1', null, '5', '1', '0505');
INSERT INTO `menu` VALUES ('150', '2017-11-14 09:08:06', '2017-12-21 15:47:27', '调拨单管理', 'store.transfer.list', '147', '/store/transfer', '', '1', null, '3', '1', '0503');
INSERT INTO `menu` VALUES ('151', '2017-11-14 09:14:33', '2017-12-21 15:43:00', '转寄仓管理', 'store.forwardwms.list', '178', '/store/transit/forwardwms', '', '1', '', null, '1', '050201');
INSERT INTO `menu` VALUES ('155', '2017-12-04 10:04:44', '2017-12-04 10:59:42', '数据权限', 'admin.urlDepartmentRel', '1', '/admin/userDepartmentRel', null, '1', null, '100', '1', '0104');
INSERT INTO `menu` VALUES ('156', '2017-12-07 09:48:21', '2017-12-29 11:10:57', '仓库设置', 'store.wms.list', '177', '/store/base/wms', '', '1', null, null, '1', '050101');
INSERT INTO `menu` VALUES ('160', '2017-12-13 21:05:17', '2018-01-03 16:04:00', '物流中心', 'tms', '0', '#', '物流中心', '1', null, '6', '1', '06');
INSERT INTO `menu` VALUES ('163', '2017-12-14 11:40:37', '2017-12-14 11:40:37', '基础配置', 'tms.base', '160', '#', '', '1', null, '1', '1', '0602');
INSERT INTO `menu` VALUES ('164', '2017-12-14 11:43:06', '2017-12-20 10:31:24', '物流商管理', 'tms.base.shipping.list', '163', '/tms/base/shipping', '', '1', null, '1', '1', '060201');
INSERT INTO `menu` VALUES ('165', '2017-12-14 11:43:55', '2017-12-20 10:31:31', '物流方式管理', 'tms.base.shippingway.list', '163', 'tms/base/shippingway', '', '1', null, '2', '1', '060202');
INSERT INTO `menu` VALUES ('166', '2017-12-14 11:45:29', '2017-12-20 10:31:37', '仓库物流关系设置', 'tms.base.shippingstore.list', '163', '/tms/base/shippingWayStoreRelation', '', '1', null, '3', '1', '060203');
INSERT INTO `menu` VALUES ('167', '2017-12-14 11:59:46', '2017-12-20 10:32:04', '物流管理', 'tms.manage', '160', '/tms/base/shippingWayStoreRelation.html', '', '1', null, '1', '1', '0601');
INSERT INTO `menu` VALUES ('170', '2017-12-19 14:03:19', '2017-12-20 10:32:08', '物流配送区域管理', 'tms.shippingZoneStoreRel', '160', '/tms/base/shippingZoneStoreRelation', '', '1', null, '1', '1', '0603');
INSERT INTO `menu` VALUES ('174', '2017-12-20 10:44:09', '2017-12-20 10:44:09', '运单号库列表', 'tms.shippingTrackingNoList', '163', '/tms/base/shippingTrackingNoList', '', '1', null, '4', '1', '060204');
INSERT INTO `menu` VALUES ('175', '2017-12-21 11:50:13', '2017-12-21 11:50:13', '运单号使用情况', 'tms.shippingTrackingNoGroupCount', '163', '/tms/base/shippingTrackingNoGroupCount', '', '1', null, null, '1', '060205');
INSERT INTO `menu` VALUES ('176', '2017-12-21 14:47:37', '2017-12-21 14:47:37', '物流状态列表', 'tms.trackingStatusClassify', '163', '/tms/base/trackingStatusClassify', '', '1', null, null, '1', '060206');
INSERT INTO `menu` VALUES ('177', '2017-12-21 15:04:30', '2017-12-21 19:10:31', '基础设置', 'store.base', '147', '#', '仓库', '1', null, '1', '1', '0501');
INSERT INTO `menu` VALUES ('178', '2017-12-21 15:06:26', '2017-12-21 15:46:22', '转寄仓', 'store.transit', '147', '#', null, '1', null, '2', '1', '0502');
INSERT INTO `menu` VALUES ('179', '2017-12-22 16:54:02', '2017-12-22 17:01:54', '报废管理', 'store.transit.invalid.list', '178', '/store/transit/invalid', '报废管理', '1', '', null, '1', '050202');
INSERT INTO `menu` VALUES ('180', '2017-12-22 16:57:36', '2017-12-22 17:04:28', '盘点管理', 'store.transit.takeStock.list', '178', '/store/transit/takeStock', '', '1', '', null, '1', '050203');
INSERT INTO `menu` VALUES ('181', '2017-12-25 11:25:13', '2017-12-25 11:26:01', '包裹管理', 'tms.parcel', '160', '#', '', '1', '', null, '1', '0604');
INSERT INTO `menu` VALUES ('182', '2017-12-25 11:27:11', '2017-12-25 11:27:11', '包裹同步记录', 'tms.shippingParcel', '181', '/tms/parcel/shippingParcel', '', '1', null, null, '1', '060401');
INSERT INTO `menu` VALUES ('183', '2017-12-25 16:33:14', '2017-12-25 16:33:14', '物流轨迹列表', 'tms.trackingTask', '181', '/tms/parcel/trackingTask', '', '1', null, null, '1', '060402');
INSERT INTO `menu` VALUES ('184', '2017-12-26 13:53:51', '2017-12-26 13:53:51', '匹配订单信息', 'tms.matchingParcelList', '181', '/tms/parcel/matchingParcelList', '', '1', null, null, '1', '060403');
INSERT INTO `menu` VALUES ('185', '2017-12-26 17:08:46', '2017-12-26 17:08:46', '派单规则', 'tms.allocation', '160', '#', '', '1', null, null, '1', '0605');
INSERT INTO `menu` VALUES ('186', '2017-12-26 17:09:47', '2017-12-26 17:09:47', '物流配额管理', 'tms.allocationTemplate', '185', '/tms/allocation/allocationTemplate', '', '1', null, null, '1', '060501');
INSERT INTO `menu` VALUES ('187', '2017-12-27 10:44:22', '2017-12-27 10:44:22', '物流日程表', 'tms.shippingSchedule', '185', '/tms/allocation/shippingSchedule', '', '1', null, null, '1', '060502');
INSERT INTO `menu` VALUES ('195', '2018-01-02 18:12:15', '2018-01-05 11:06:29', '财务中心', 'finance', '0', '#', '财务', '1', null, '7', '1', '07');
INSERT INTO `menu` VALUES ('196', '2018-01-02 18:13:53', '2018-01-05 11:06:46', '付款管理', 'finance.payment.list', '195', '/finance/payment', '', '1', null, null, '1', '0701');
INSERT INTO `menu` VALUES ('197', '2018-01-02 18:16:30', '2018-01-05 11:06:53', '应付货款管理', 'finance.payable.list', '195', '/finance/payable', '应付货款管理', '1', null, null, '1', '0702');
INSERT INTO `menu` VALUES ('199', '2018-01-03 11:54:07', '2018-01-03 11:54:07', '合作伙伴管理', 'product.base.partner', '6', 'product/base/partner', '', '1', null, null, '1', '02010b');
INSERT INTO `menu` VALUES ('201', '2017-10-31 15:51:22', '2018-01-03 16:04:00', '订单中心', 'orders', '0', '#', '', '1', null, '3', '1', '03');
INSERT INTO `menu` VALUES ('202', '2017-10-31 15:53:16', '2017-12-04 09:42:49', '基础配置', 'orders.base', '201', '#', null, '1', 'android', '201', '1', '0301');
INSERT INTO `menu` VALUES ('203', '2017-10-31 15:53:45', '2017-12-04 09:43:01', '订单管理', 'orders.manage', '201', '#', 'asfsd', '1', 'build', null, '1', '0302');
INSERT INTO `menu` VALUES ('204', '2017-10-31 15:56:17', '2017-12-04 10:09:51', '黑名单管理', 'orders.config.blacklist', '202', '/orders/base/black_list', '', '1', 'announcement', '202', '1', '030102');
INSERT INTO `menu` VALUES ('205', '2017-10-31 15:57:16', '2017-12-29 16:44:55', '地区与客服关系', 'orders.config.userzone', '202', '/orders/base/user_zone', '', '1', '', '203', '1', '030101');
INSERT INTO `menu` VALUES ('206', '2017-11-14 09:17:57', '2017-12-29 10:29:03', '发货仓管理', 'orders.config.warehouse', '202', '/orders/base/zone_warehouse', '发货仓管理', '1', null, '3', '1', '040405');
INSERT INTO `menu` VALUES ('207', '2017-10-31 15:58:32', '2017-12-29 10:28:44', '订单列表', 'orders.manage.orderlist', '203', '/orders/manage/orders', '', '1', null, '205', '1', '030201');
INSERT INTO `menu` VALUES ('208', '2017-10-31 16:13:36', '2018-01-04 15:02:59', '退货/拒收管理', 'orders.change', '212', '/orders/manage/order_rmaList', '', '1', 'assignment_returned', null, '1', '030403');
INSERT INTO `menu` VALUES ('209', '2017-10-31 16:14:11', '2018-01-03 16:35:42', '问题件管理', 'orders.question', '212', '/orders/manage/order_question', '', '1', '', '206', '1', '030401');
INSERT INTO `menu` VALUES ('210', '2018-01-03 16:15:02', '2018-01-08 16:41:32', '退款管理', 'orders.refund', '212', '/orders/manage/order_refund', '', '1', '', null, '1', '030402');
INSERT INTO `menu` VALUES ('211', '2018-01-03 16:33:15', '2018-01-03 16:33:15', 'CRM', 'orders.crm', '201', '#', '', '1', null, null, '1', '0303');
INSERT INTO `menu` VALUES ('212', '2018-01-03 16:33:59', '2018-01-03 16:33:59', '售后管理', 'orders.rma', '201', '#', '', '1', null, null, '1', '0304');
INSERT INTO `menu` VALUES ('213', '2018-01-03 16:36:33', '2018-01-03 16:37:05', '客户列表', 'orders.crm.customers', '211', '/crm/manage/customers', '客户列表', '1', '', null, '1', '030301');
INSERT INTO `menu` VALUES ('214', '2018-01-03 19:41:50', '2018-01-03 19:41:50', '快速下单', 'orders.manager.quick_order', '203', '/orders/manage/quick_order', '仅限测试使用', '1', null, null, '1', '030202');
INSERT INTO `menu` VALUES ('215', '2018-01-03 20:05:54', '2018-01-03 20:05:54', '标签管理', 'product.base.label', '6', 'product/base/label', '产品中心:\n    -标签管理页面', '1', null, null, '1', '02010c');
INSERT INTO `menu` VALUES ('216', '2018-01-03 20:11:49', '2018-01-04 17:31:59', '采购与购买账号设置', 'purchase.base.useBuyerRel', '135', '/purchase/base/userBuyerRel', '', '1', '', null, '1', '040203');
INSERT INTO `menu` VALUES ('218', '2018-01-05 18:08:48', '2018-01-05 18:08:48', '产品中心后台管理', '/product/base/productDeamon', '6', '/product/base/productDeamon', '', '1', null, null, '1', '02010d');
INSERT INTO `menu` VALUES ('219', '2018-01-05 19:29:08', '2018-01-05 19:29:08', '调整表管理', 'finance.adjust.list', '195', '/finance/amountAdjust', '调整表管理', '1', null, null, '1', '0703');
INSERT INTO `menu` VALUES ('220', '2018-01-06 10:05:34', '2018-01-06 10:05:34', '商家错货入库', 'purchase.manage.errorGoods', '138', '/purchase/manage/errorGoods', '', '1', null, null, '1', '040305');
INSERT INTO `menu` VALUES ('221', '2018-01-08 15:38:08', '2018-01-08 15:38:08', '平台与账号设置', 'purchase.base.platformAccount', '135', '/purchase/base/platformAccount', '', '1', '', '0', '1', '040204');
INSERT INTO `menu` VALUES ('222', '2018-01-08 18:40:48', '2018-01-08 18:40:48', '商家错货明细', 'purchase.manage.errorGoodsItem', '138', '/purchase/manage/errorGoodsItem', '', '1', '', null, '1', '040306');

-- ----------------------------
-- Table structure for menu_element
-- ----------------------------
DROP TABLE IF EXISTS `menu_element`;
CREATE TABLE `menu_element` (
  `id` int(11) NOT NULL AUTO_INCREMENT,
  `menu_id` int(11) DEFAULT NULL,
  `element_id` int(11) DEFAULT NULL,
  PRIMARY KEY (`id`),
  UNIQUE KEY `index1` (`menu_id`,`element_id`) USING BTREE
) ENGINE=InnoDB AUTO_INCREMENT=561 DEFAULT CHARSET=utf8;

-- ----------------------------
-- Records of menu_element
-- ----------------------------
INSERT INTO `menu_element` VALUES ('200', null, '21');
INSERT INTO `menu_element` VALUES ('390', null, '21');
INSERT INTO `menu_element` VALUES ('393', null, '21');
INSERT INTO `menu_element` VALUES ('396', null, '21');
INSERT INTO `menu_element` VALUES ('197', null, '23');
INSERT INTO `menu_element` VALUES ('198', null, '23');
INSERT INTO `menu_element` VALUES ('199', null, '23');
INSERT INTO `menu_element` VALUES ('391', null, '28');
INSERT INTO `menu_element` VALUES ('394', null, '28');
INSERT INTO `menu_element` VALUES ('397', null, '28');
INSERT INTO `menu_element` VALUES ('392', null, '44');
INSERT INTO `menu_element` VALUES ('395', null, '44');
INSERT INTO `menu_element` VALUES ('398', null, '44');
INSERT INTO `menu_element` VALUES ('438', '2', '21');
INSERT INTO `menu_element` VALUES ('441', '2', '22');
INSERT INTO `menu_element` VALUES ('411', '2', '23');
INSERT INTO `menu_element` VALUES ('412', '2', '24');
INSERT INTO `menu_element` VALUES ('437', '2', '28');
INSERT INTO `menu_element` VALUES ('195', '2', '32');
INSERT INTO `menu_element` VALUES ('205', '7', '21');
INSERT INTO `menu_element` VALUES ('258', '7', '22');
INSERT INTO `menu_element` VALUES ('259', '7', '23');
INSERT INTO `menu_element` VALUES ('196', '7', '33');
INSERT INTO `menu_element` VALUES ('203', '8', '23');
INSERT INTO `menu_element` VALUES ('503', '10', '21');
INSERT INTO `menu_element` VALUES ('194', '11', '21');
INSERT INTO `menu_element` VALUES ('468', '11', '22');
INSERT INTO `menu_element` VALUES ('481', '11', '25');
INSERT INTO `menu_element` VALUES ('470', '11', '28');
INSERT INTO `menu_element` VALUES ('480', '11', '31');
INSERT INTO `menu_element` VALUES ('204', '11', '35');
INSERT INTO `menu_element` VALUES ('475', '11', '45');
INSERT INTO `menu_element` VALUES ('476', '11', '47');
INSERT INTO `menu_element` VALUES ('479', '11', '72');
INSERT INTO `menu_element` VALUES ('471', '11', '73');
INSERT INTO `menu_element` VALUES ('474', '11', '74');
INSERT INTO `menu_element` VALUES ('473', '11', '75');
INSERT INTO `menu_element` VALUES ('477', '11', '76');
INSERT INTO `menu_element` VALUES ('472', '11', '78');
INSERT INTO `menu_element` VALUES ('478', '11', '80');
INSERT INTO `menu_element` VALUES ('207', '12', '21');
INSERT INTO `menu_element` VALUES ('300', '17', '3');
INSERT INTO `menu_element` VALUES ('501', '20', '47');
INSERT INTO `menu_element` VALUES ('208', '66', '21');
INSERT INTO `menu_element` VALUES ('266', '67', null);
INSERT INTO `menu_element` VALUES ('209', '67', '21');
INSERT INTO `menu_element` VALUES ('210', '68', '21');
INSERT INTO `menu_element` VALUES ('388', '77', '21');
INSERT INTO `menu_element` VALUES ('389', '77', '22');
INSERT INTO `menu_element` VALUES ('383', '77', '23');
INSERT INTO `menu_element` VALUES ('368', '77', '24');
INSERT INTO `menu_element` VALUES ('384', '77', '25');
INSERT INTO `menu_element` VALUES ('387', '77', '28');
INSERT INTO `menu_element` VALUES ('371', '77', '29');
INSERT INTO `menu_element` VALUES ('372', '77', '30');
INSERT INTO `menu_element` VALUES ('373', '77', '31');
INSERT INTO `menu_element` VALUES ('386', '77', '44');
INSERT INTO `menu_element` VALUES ('375', '77', '45');
INSERT INTO `menu_element` VALUES ('376', '77', '46');
INSERT INTO `menu_element` VALUES ('385', '77', '47');
INSERT INTO `menu_element` VALUES ('422', '113', '21');
INSERT INTO `menu_element` VALUES ('211', '114', '21');
INSERT INTO `menu_element` VALUES ('499', '116', '44');
INSERT INTO `menu_element` VALUES ('500', '116', '47');
INSERT INTO `menu_element` VALUES ('288', '120', '21');
INSERT INTO `menu_element` VALUES ('289', '120', '22');
INSERT INTO `menu_element` VALUES ('290', '120', '23');
INSERT INTO `menu_element` VALUES ('291', '120', '24');
INSERT INTO `menu_element` VALUES ('292', '120', '25');
INSERT INTO `menu_element` VALUES ('293', '120', '28');
INSERT INTO `menu_element` VALUES ('294', '120', '29');
INSERT INTO `menu_element` VALUES ('295', '120', '30');
INSERT INTO `menu_element` VALUES ('296', '120', '31');
INSERT INTO `menu_element` VALUES ('297', '120', '44');
INSERT INTO `menu_element` VALUES ('298', '120', '45');
INSERT INTO `menu_element` VALUES ('220', '123', '21');
INSERT INTO `menu_element` VALUES ('317', '125', '21');
INSERT INTO `menu_element` VALUES ('319', '125', '23');
INSERT INTO `menu_element` VALUES ('320', '125', '30');
INSERT INTO `menu_element` VALUES ('321', '125', '46');
INSERT INTO `menu_element` VALUES ('304', '126', '21');
INSERT INTO `menu_element` VALUES ('305', '126', '22');
INSERT INTO `menu_element` VALUES ('306', '126', '23');
INSERT INTO `menu_element` VALUES ('307', '126', '24');
INSERT INTO `menu_element` VALUES ('308', '126', '25');
INSERT INTO `menu_element` VALUES ('309', '126', '28');
INSERT INTO `menu_element` VALUES ('310', '126', '29');
INSERT INTO `menu_element` VALUES ('311', '126', '30');
INSERT INTO `menu_element` VALUES ('312', '126', '31');
INSERT INTO `menu_element` VALUES ('313', '126', '44');
INSERT INTO `menu_element` VALUES ('314', '126', '45');
INSERT INTO `menu_element` VALUES ('315', '126', '46');
INSERT INTO `menu_element` VALUES ('316', '126', '47');
INSERT INTO `menu_element` VALUES ('496', '127', '155');
INSERT INTO `menu_element` VALUES ('430', '128', '72');
INSERT INTO `menu_element` VALUES ('423', '128', '73');
INSERT INTO `menu_element` VALUES ('425', '128', '74');
INSERT INTO `menu_element` VALUES ('424', '128', '77');
INSERT INTO `menu_element` VALUES ('452', '128', '83');
INSERT INTO `menu_element` VALUES ('453', '128', '84');
INSERT INTO `menu_element` VALUES ('467', '128', '91');
INSERT INTO `menu_element` VALUES ('498', '128', '156');
INSERT INTO `menu_element` VALUES ('447', '130', '79');
INSERT INTO `menu_element` VALUES ('448', '130', '80');
INSERT INTO `menu_element` VALUES ('449', '130', '81');
INSERT INTO `menu_element` VALUES ('341', '136', '21');
INSERT INTO `menu_element` VALUES ('502', '136', '23');
INSERT INTO `menu_element` VALUES ('344', '136', '46');
INSERT INTO `menu_element` VALUES ('342', '137', '21');
INSERT INTO `menu_element` VALUES ('345', '137', '46');
INSERT INTO `menu_element` VALUES ('466', '139', '90');
INSERT INTO `menu_element` VALUES ('381', '140', '23');
INSERT INTO `menu_element` VALUES ('413', '142', '21');
INSERT INTO `menu_element` VALUES ('418', '142', '22');
INSERT INTO `menu_element` VALUES ('414', '142', '28');
INSERT INTO `menu_element` VALUES ('417', '142', '29');
INSERT INTO `menu_element` VALUES ('415', '142', '44');
INSERT INTO `menu_element` VALUES ('416', '142', '45');
INSERT INTO `menu_element` VALUES ('361', '143', '21');
INSERT INTO `menu_element` VALUES ('362', '143', '46');
INSERT INTO `menu_element` VALUES ('355', '144', '21');
INSERT INTO `menu_element` VALUES ('488', '145', '95');
INSERT INTO `menu_element` VALUES ('487', '145', '96');
INSERT INTO `menu_element` VALUES ('486', '145', '97');
INSERT INTO `menu_element` VALUES ('489', '145', '98');
INSERT INTO `menu_element` VALUES ('494', '146', '154');
INSERT INTO `menu_element` VALUES ('497', '152', '155');
INSERT INTO `menu_element` VALUES ('526', '156', '21');
INSERT INTO `menu_element` VALUES ('527', '156', '22');
INSERT INTO `menu_element` VALUES ('528', '156', '23');
INSERT INTO `menu_element` VALUES ('529', '156', '24');
INSERT INTO `menu_element` VALUES ('530', '156', '25');
INSERT INTO `menu_element` VALUES ('531', '156', '79');
INSERT INTO `menu_element` VALUES ('532', '156', '80');
INSERT INTO `menu_element` VALUES ('533', '156', '81');
INSERT INTO `menu_element` VALUES ('419', '158', '21');
INSERT INTO `menu_element` VALUES ('421', '158', '22');
INSERT INTO `menu_element` VALUES ('420', '158', '28');
INSERT INTO `menu_element` VALUES ('442', '161', '21');
INSERT INTO `menu_element` VALUES ('443', '161', '28');
INSERT INTO `menu_element` VALUES ('444', '161', '44');
INSERT INTO `menu_element` VALUES ('490', '190', '21');
INSERT INTO `menu_element` VALUES ('543', '199', '21');
INSERT INTO `menu_element` VALUES ('541', '199', '162');
INSERT INTO `menu_element` VALUES ('542', '199', '163');
INSERT INTO `menu_element` VALUES ('552', '199', '170');
INSERT INTO `menu_element` VALUES ('551', '199', '171');
INSERT INTO `menu_element` VALUES ('523', '204', '21');
INSERT INTO `menu_element` VALUES ('516', '205', '155');
INSERT INTO `menu_element` VALUES ('547', '206', '155');
INSERT INTO `menu_element` VALUES ('510', '207', '72');
INSERT INTO `menu_element` VALUES ('504', '207', '73');
INSERT INTO `menu_element` VALUES ('518', '207', '74');
INSERT INTO `menu_element` VALUES ('557', '207', '75');
INSERT INTO `menu_element` VALUES ('505', '207', '77');
INSERT INTO `menu_element` VALUES ('511', '207', '83');
INSERT INTO `menu_element` VALUES ('512', '207', '91');
INSERT INTO `menu_element` VALUES ('524', '207', '155');
INSERT INTO `menu_element` VALUES ('514', '207', '156');
INSERT INTO `menu_element` VALUES ('521', '209', '79');
INSERT INTO `menu_element` VALUES ('519', '209', '80');
INSERT INTO `menu_element` VALUES ('520', '209', '81');
INSERT INTO `menu_element` VALUES ('536', '210', '157');
INSERT INTO `menu_element` VALUES ('537', '210', '158');
INSERT INTO `menu_element` VALUES ('538', '210', '159');
INSERT INTO `menu_element` VALUES ('539', '210', '160');
INSERT INTO `menu_element` VALUES ('553', '210', '172');
INSERT INTO `menu_element` VALUES ('554', '210', '173');
INSERT INTO `menu_element` VALUES ('555', '210', '174');
INSERT INTO `menu_element` VALUES ('556', '210', '175');
INSERT INTO `menu_element` VALUES ('546', '215', '164');
INSERT INTO `menu_element` VALUES ('545', '215', '165');
INSERT INTO `menu_element` VALUES ('544', '215', '166');
INSERT INTO `menu_element` VALUES ('560', '215', '167');
INSERT INTO `menu_element` VALUES ('559', '215', '168');
INSERT INTO `menu_element` VALUES ('558', '215', '169');
